{"best/epoch": 2, "best/precision": 0.40690019465529664, "best/recall": 0.5128205128205128, "best/mAP_0.5": 0.39149731970013757, "best/mAP_0.5:0.95": 0.12267919236681675, "Labels": {"_type": "images/separated", "width": 1600, "height": 1600, "format": "jpg", "count": 2, "filenames": ["media/images/Labels_0_0c33d1d28f2ceb9bb0e4.jpg", "media/images/Labels_0_6521b0080b7888f708a8.jpg"], "captions": ["labels.jpg", "labels_correlogram.jpg"]}, "Mosaics": {"_type": "images/separated", "width": 960, "height": 960, "format": "jpg", "count": 3, "filenames": ["media/images/Mosaics_0_2650d257f905706e63ad.jpg", "media/images/Mosaics_0_e497539866556f1820ae.jpg", "media/images/Mosaics_0_bce94c4cba44175d9a1d.jpg"], "captions": ["train_batch0.jpg", "train_batch1.jpg", "train_batch2.jpg"]}, "train/box_loss": 0.07724670320749283, "train/obj_loss": 0.027990927919745445, "train/cls_loss": 0.0, "metrics/precision": 0.40690019465529664, "metrics/recall": 0.5128205128205128, "metrics/mAP_0.5": 0.39149731970013757, "metrics/mAP_0.5:0.95": 0.12267919236681675, "val/box_loss": 0.05991194397211075, "val/obj_loss": 0.010596990585327148, "val/cls_loss": 0.0, "x/lr0": 0.019822000000000006, "x/lr1": 0.002822, "x/lr2": 0.002822, "BoundingBoxDebugger": {"_type": "images/separated", "width": 352, "height": 352, "format": "png", "count": 16, "filenames": ["media/images/BoundingBoxDebugger_2_cd951dcd4573d1d10b6d.png", "media/images/BoundingBoxDebugger_2_e8bb3f7accab8a2e770e.png", "media/images/BoundingBoxDebugger_2_eac0ba6795e75b99fab9.png", "media/images/BoundingBoxDebugger_2_21dbd1c756b5cc5578da.png", "media/images/BoundingBoxDebugger_2_5f99e3e6b52940b6533b.png", "media/images/BoundingBoxDebugger_2_40158166f9e5665336a8.png", "media/images/BoundingBoxDebugger_2_e5eca9ceb49c5c08746f.png", "media/images/BoundingBoxDebugger_2_6b9ef9094fcf368b26b0.png", "media/images/BoundingBoxDebugger_2_81289bef7c29c4633b64.png", "media/images/BoundingBoxDebugger_2_f65ad496818736634e29.png", "media/images/BoundingBoxDebugger_2_51528a79ff3b142df368.png", "media/images/BoundingBoxDebugger_2_2991155017ddd23dcea1.png", "media/images/BoundingBoxDebugger_2_d9ecafd5bad1bd17a686.png", "media/images/BoundingBoxDebugger_2_ed6dcbb05d629742dcbb.png", "media/images/BoundingBoxDebugger_2_8e6a446b433e075405f1.png", "media/images/BoundingBoxDebugger_2_98e1d4c89dd529ba02e0.png"], "captions": ["20221018_133908_jpg.rf.a4e89818a4e807cb21ca6d219ca20551.jpg", "20221018_140217_jpg.rf.094db2b1bdfc58a9f34e46964692a1d3.jpg", "20221018_140118_jpg.rf.989c0b1f941c119da3e461ca1aebddb2.jpg", "20221018_140112_jpg.rf.b4e0ebf1aa837bc9f97879c319a7d794.jpg", "20221018_140020_jpg.rf.c07d6f177dac0eab59acf1a0bb46638d.jpg", "20221018_135945_jpg.rf.716b51f240399d3d574e4f2584064c8d.jpg", "20221018_135802_jpg.rf.e26eacd08ea0ab900cadd6bd60d1746c.jpg", "20221018_135752_jpg.rf.b4c5a21d8e47ef85210a4e60d9aa4fdb.jpg", "20221018_135737_jpg.rf.26d1e0aebf840ee640bc2d42296b034f.jpg", "20221018_135619_jpg.rf.64b8e8094c3782f45bd86ed2af446ebc.jpg", "20221018_135559_jpg.rf.a367e8effa8df355e37e487fa62f83e0.jpg", "20221018_135507_jpg.rf.9d031c4fb76eafee4ced3e20d7d93bda.jpg", "20221018_135453_jpg.rf.1cef602604c0d79a858e1331d2d075d3.jpg", "20221018_135449_jpg.rf.220e17a1380c8480bb8ce59bb6c904c3.jpg", "20221018_135158_jpg.rf.dfb95646757f7fef204ff71c70e261b8.jpg", "20221018_134811_jpg.rf.e8249d4bd07a7fd6b8d8ead61b5b1d03.jpg"], "all_boxes": [{"predictions": {"_type": "boxes2D", "sha256": "7ab88b310677bfdd51e0b06a95200d55d7074721b81266fa47c109d3e40fbd75", "size": 59632, "path": "media/metadata/boxes2D/BoundingBoxDebugger_2_7ab88b310677bfdd51e0.boxes2D.json"}}, {"predictions": {"_type": "boxes2D", "sha256": "c2fdbc626b341fd2c11b94b9e85f2e5e7b947859b07945866d68256f2d076195", "size": 59656, "path": "media/metadata/boxes2D/BoundingBoxDebugger_2_c2fdbc626b341fd2c11b.boxes2D.json"}}, {"predictions": {"_type": "boxes2D", "sha256": "09ab7de1f24f4e34e9e7cca547bacca1a35b264f5bffc53c28f8378a9463c9ab", "size": 59675, "path": "media/metadata/boxes2D/BoundingBoxDebugger_2_09ab7de1f24f4e34e9e7.boxes2D.json"}}, {"predictions": {"_type": "boxes2D", "sha256": "e27be027826028fd8ded5dc418c3c763d7cea4599082e80fc24499bdcef6469a", "size": 59722, "path": "media/metadata/boxes2D/BoundingBoxDebugger_2_e27be027826028fd8ded.boxes2D.json"}}, {"predictions": {"_type": "boxes2D", "sha256": "c96cb6e99fa2336296e5ec2a561558dba32ebbf8a5c99c510d8a86f5fa277e7c", "size": 59651, "path": "media/metadata/boxes2D/BoundingBoxDebugger_2_c96cb6e99fa2336296e5.boxes2D.json"}}, {"predictions": {"_type": "boxes2D", "sha256": "3ec6b3dabfd6f1664a7e77462992e1a61f177511a5be67e5610bd5e1ed513231", "size": 59744, "path": "media/metadata/boxes2D/BoundingBoxDebugger_2_3ec6b3dabfd6f1664a7e.boxes2D.json"}}, {"predictions": {"_type": "boxes2D", "sha256": "6051b46622300ebd36d245c3013834ecfc9451d543aefdd9631ac9c560c979df", "size": 59741, "path": "media/metadata/boxes2D/BoundingBoxDebugger_2_6051b46622300ebd36d2.boxes2D.json"}}, {"predictions": {"_type": "boxes2D", "sha256": "2ff3d0aee13659d9f26b4ab16f26dc2d50dd1fdfa61cacca508f207278e111e9", "size": 59551, "path": "media/metadata/boxes2D/BoundingBoxDebugger_2_2ff3d0aee13659d9f26b.boxes2D.json"}}, {"predictions": {"_type": "boxes2D", "sha256": "8e513cc51d3633e3cf14841df2f36a474ca92e056110e7c78609719c3187fa5d", "size": 59640, "path": "media/metadata/boxes2D/BoundingBoxDebugger_2_8e513cc51d3633e3cf14.boxes2D.json"}}, {"predictions": {"_type": "boxes2D", "sha256": "6a4c7ba6d3bc18f7b891f549bd600ce46450ff61784f4dae9960db27b0231020", "size": 59589, "path": "media/metadata/boxes2D/BoundingBoxDebugger_2_6a4c7ba6d3bc18f7b891.boxes2D.json"}}, {"predictions": {"_type": "boxes2D", "sha256": "ac83582e0789b6117173864fc42f66048b4d0291c21c244cbd1dea32f559c1a6", "size": 59716, "path": "media/metadata/boxes2D/BoundingBoxDebugger_2_ac83582e0789b6117173.boxes2D.json"}}, {"predictions": {"_type": "boxes2D", "sha256": "cde2347aade7fc8d8113aa6aea69ef74cd6073c828c24024b6a060772fcdda13", "size": 59829, "path": "media/metadata/boxes2D/BoundingBoxDebugger_2_cde2347aade7fc8d8113.boxes2D.json"}}, {"predictions": {"_type": "boxes2D", "sha256": "31e941a799a223220504f1d2f4abf63c6fcda5063e0ac0f342c40721cf93cc46", "size": 59776, "path": "media/metadata/boxes2D/BoundingBoxDebugger_2_31e941a799a223220504.boxes2D.json"}}, {"predictions": {"_type": "boxes2D", "sha256": "ff5485d0b6687ffd31ad60f1a537805cad8eea6d3fb9beafc5b76324ed3c10ad", "size": 59748, "path": "media/metadata/boxes2D/BoundingBoxDebugger_2_ff5485d0b6687ffd31ad.boxes2D.json"}}, {"predictions": {"_type": "boxes2D", "sha256": "b99dfe596594c4fc043c1b53ce760e489dec8a65ce7759c7c00c502900f33a60", "size": 59665, "path": "media/metadata/boxes2D/BoundingBoxDebugger_2_b99dfe596594c4fc043c.boxes2D.json"}}, {"predictions": {"_type": "boxes2D", "sha256": "15981af0f36d50c5d328f6c65efaa0e2c93794a1300220ae536ef0cb847105be", "size": 59695, "path": "media/metadata/boxes2D/BoundingBoxDebugger_2_15981af0f36d50c5d328.boxes2D.json"}}]}, "_timestamp": 1669014268.81654, "_runtime": 242.39785194396973, "_step": 2}