{"best/epoch": 24, "best/precision": 0.8536604055698518, "best/recall": 0.7948717948717948, "best/mAP_0.5": 0.8638364624371629, "best/mAP_0.5:0.95": 0.6451436769928497, "Labels": {"_type": "images/separated", "width": 1600, "height": 1600, "format": "jpg", "count": 2, "filenames": ["media/images/Labels_0_0c33d1d28f2ceb9bb0e4.jpg", "media/images/Labels_0_6521b0080b7888f708a8.jpg"], "captions": ["labels.jpg", "labels_correlogram.jpg"]}, "Mosaics": {"_type": "images/separated", "width": 960, "height": 960, "format": "jpg", "count": 3, "filenames": ["media/images/Mosaics_0_2650d257f905706e63ad.jpg", "media/images/Mosaics_0_e497539866556f1820ae.jpg", "media/images/Mosaics_0_bce94c4cba44175d9a1d.jpg"], "captions": ["train_batch0.jpg", "train_batch1.jpg", "train_batch2.jpg"]}, "train/box_loss": 0.026619024574756622, "train/obj_loss": 0.014604647643864155, "train/cls_loss": 0.0, "metrics/precision": 0.8536604055698518, "metrics/recall": 0.7948717948717948, "metrics/mAP_0.5": 0.8638364624371629, "metrics/mAP_0.5:0.95": 0.6451436769928497, "val/box_loss": 0.026314709335565567, "val/obj_loss": 0.006191760301589966, "val/cls_loss": 0.0, "x/lr0": 0.0008919999999999996, "x/lr1": 0.0008919999999999996, "x/lr2": 0.0008919999999999996, "_timestamp": 1669012051.0050356, "_runtime": 715.4260206222534, "_step": 24, "BoundingBoxDebugger": {"_type": "images/separated", "width": 352, "height": 352, "format": "png", "count": 16, "filenames": ["media/images/BoundingBoxDebugger_23_cd951dcd4573d1d10b6d.png", "media/images/BoundingBoxDebugger_23_e8bb3f7accab8a2e770e.png", "media/images/BoundingBoxDebugger_23_eac0ba6795e75b99fab9.png", "media/images/BoundingBoxDebugger_23_21dbd1c756b5cc5578da.png", "media/images/BoundingBoxDebugger_23_5f99e3e6b52940b6533b.png", "media/images/BoundingBoxDebugger_23_40158166f9e5665336a8.png", "media/images/BoundingBoxDebugger_23_e5eca9ceb49c5c08746f.png", "media/images/BoundingBoxDebugger_23_6b9ef9094fcf368b26b0.png", "media/images/BoundingBoxDebugger_23_81289bef7c29c4633b64.png", "media/images/BoundingBoxDebugger_23_f65ad496818736634e29.png", "media/images/BoundingBoxDebugger_23_51528a79ff3b142df368.png", "media/images/BoundingBoxDebugger_23_2991155017ddd23dcea1.png", "media/images/BoundingBoxDebugger_23_d9ecafd5bad1bd17a686.png", "media/images/BoundingBoxDebugger_23_ed6dcbb05d629742dcbb.png", "media/images/BoundingBoxDebugger_23_8e6a446b433e075405f1.png", "media/images/BoundingBoxDebugger_23_98e1d4c89dd529ba02e0.png"], "captions": ["20221018_133908_jpg.rf.a4e89818a4e807cb21ca6d219ca20551.jpg", "20221018_140217_jpg.rf.094db2b1bdfc58a9f34e46964692a1d3.jpg", "20221018_140118_jpg.rf.989c0b1f941c119da3e461ca1aebddb2.jpg", "20221018_140112_jpg.rf.b4e0ebf1aa837bc9f97879c319a7d794.jpg", "20221018_140020_jpg.rf.c07d6f177dac0eab59acf1a0bb46638d.jpg", "20221018_135945_jpg.rf.716b51f240399d3d574e4f2584064c8d.jpg", "20221018_135802_jpg.rf.e26eacd08ea0ab900cadd6bd60d1746c.jpg", "20221018_135752_jpg.rf.b4c5a21d8e47ef85210a4e60d9aa4fdb.jpg", "20221018_135737_jpg.rf.26d1e0aebf840ee640bc2d42296b034f.jpg", "20221018_135619_jpg.rf.64b8e8094c3782f45bd86ed2af446ebc.jpg", "20221018_135559_jpg.rf.a367e8effa8df355e37e487fa62f83e0.jpg", "20221018_135507_jpg.rf.9d031c4fb76eafee4ced3e20d7d93bda.jpg", "20221018_135453_jpg.rf.1cef602604c0d79a858e1331d2d075d3.jpg", "20221018_135449_jpg.rf.220e17a1380c8480bb8ce59bb6c904c3.jpg", "20221018_135158_jpg.rf.dfb95646757f7fef204ff71c70e261b8.jpg", "20221018_134811_jpg.rf.e8249d4bd07a7fd6b8d8ead61b5b1d03.jpg"], "all_boxes": [{"predictions": {"_type": "boxes2D", "sha256": "e3b0bfd743e58c941fc4ee58de0b74a600175aa94ebe6aba335f0551c4970fb1", "size": 15727, "path": "media/metadata/boxes2D/BoundingBoxDebugger_23_e3b0bfd743e58c941fc4.boxes2D.json"}}, {"predictions": {"_type": "boxes2D", "sha256": "dc71bd8c67d0aa2a413a2fb1a5062dd4cfa187fcbab4325d702ad877e2fae8be", "size": 21833, "path": "media/metadata/boxes2D/BoundingBoxDebugger_23_dc71bd8c67d0aa2a413a.boxes2D.json"}}, {"predictions": {"_type": "boxes2D", "sha256": "8a97cbb3dd7dc38cc433b87f73f443e203dc764342ebe6c2cc9afa68cb9fb9f3", "size": 14360, "path": "media/metadata/boxes2D/BoundingBoxDebugger_23_8a97cbb3dd7dc38cc433.boxes2D.json"}}, {"predictions": {"_type": "boxes2D", "sha256": "be4a4d4bca112474e2774fda718293b4057c487a721a48701a175f780e80335e", "size": 32859, "path": "media/metadata/boxes2D/BoundingBoxDebugger_23_be4a4d4bca112474e277.boxes2D.json"}}, {"predictions": {"_type": "boxes2D", "sha256": "d92f7e386087e049e15591abe5d1dcc72302bc55107459b80f90695845caf2e6", "size": 36078, "path": "media/metadata/boxes2D/BoundingBoxDebugger_23_d92f7e386087e049e155.boxes2D.json"}}, {"predictions": {"_type": "boxes2D", "sha256": "a35ff342b62babc4a3e2610d32979ddb12e208f18de9d46083fddf71ee0afa55", "size": 28496, "path": "media/metadata/boxes2D/BoundingBoxDebugger_23_a35ff342b62babc4a3e2.boxes2D.json"}}, {"predictions": {"_type": "boxes2D", "sha256": "a83fdccee64205bc34b0fadc317aab48fc5e3f7738a9772d66296202c0d565b1", "size": 23898, "path": "media/metadata/boxes2D/BoundingBoxDebugger_23_a83fdccee64205bc34b0.boxes2D.json"}}, {"predictions": {"_type": "boxes2D", "sha256": "ffd781b54754518a6ce41c0e26a33a353ae182c1ed10735fa6f451742b67d5c3", "size": 40378, "path": "media/metadata/boxes2D/BoundingBoxDebugger_23_ffd781b54754518a6ce4.boxes2D.json"}}, {"predictions": {"_type": "boxes2D", "sha256": "2aa88d3fa935fef12b6475da7fde874072a9b1602cd2e67cbfa074f1af497b5b", "size": 32996, "path": "media/metadata/boxes2D/BoundingBoxDebugger_23_2aa88d3fa935fef12b64.boxes2D.json"}}, {"predictions": {"_type": "boxes2D", "sha256": "479c219e3fda597d233b75cb13807374b52ebec983cc92f2b2b86842443006f9", "size": 23530, "path": "media/metadata/boxes2D/BoundingBoxDebugger_23_479c219e3fda597d233b.boxes2D.json"}}, {"predictions": {"_type": "boxes2D", "sha256": "ea24d4e73b5722962f2770cf59d7e92ac12bcb47bb6203d9177cdc69274da71e", "size": 22883, "path": "media/metadata/boxes2D/BoundingBoxDebugger_23_ea24d4e73b5722962f27.boxes2D.json"}}, {"predictions": {"_type": "boxes2D", "sha256": "f2bdfbf955c815a250185dbcd5a46288524e233933a1fd5113a3141947ae940e", "size": 28304, "path": "media/metadata/boxes2D/BoundingBoxDebugger_23_f2bdfbf955c815a25018.boxes2D.json"}}, {"predictions": {"_type": "boxes2D", "sha256": "13418921b85fed07efcedb3e6c68376890d25cba16423eeb5060e92995c08595", "size": 22769, "path": "media/metadata/boxes2D/BoundingBoxDebugger_23_13418921b85fed07efce.boxes2D.json"}}, {"predictions": {"_type": "boxes2D", "sha256": "e69d40a92de1411d401d20abd816593b3cfd098d2c2e8c0d836d72410ba0c786", "size": 41915, "path": "media/metadata/boxes2D/BoundingBoxDebugger_23_e69d40a92de1411d401d.boxes2D.json"}}, {"predictions": {"_type": "boxes2D", "sha256": "3c16925d24a0eb71b3a896c4e9e86be47f0812b30a926b10f99031baa4ffbaf4", "size": 51338, "path": "media/metadata/boxes2D/BoundingBoxDebugger_23_3c16925d24a0eb71b3a8.boxes2D.json"}}, {"predictions": {"_type": "boxes2D", "sha256": "f3b0f9a5d437e19c9fecc357148a98efe32511ff3b67e900711769c1823c7ae4", "size": 30332, "path": "media/metadata/boxes2D/BoundingBoxDebugger_23_f3b0f9a5d437e19c9fec.boxes2D.json"}}]}}