{"best/epoch": 9, "best/precision": 0.6776884821329265, "best/recall": 0.6153846153846154, "best/mAP_0.5": 0.6252881713080904, "best/mAP_0.5:0.95": 0.2750472974397169, "Labels": {"_type": "images/separated", "width": 1600, "height": 1600, "format": "jpg", "count": 2, "filenames": ["media/images/Labels_0_0c33d1d28f2ceb9bb0e4.jpg", "media/images/Labels_0_6521b0080b7888f708a8.jpg"], "captions": ["labels.jpg", "labels_correlogram.jpg"]}, "Mosaics": {"_type": "images/separated", "width": 960, "height": 960, "format": "jpg", "count": 3, "filenames": ["media/images/Mosaics_0_2650d257f905706e63ad.jpg", "media/images/Mosaics_0_e497539866556f1820ae.jpg", "media/images/Mosaics_0_bce94c4cba44175d9a1d.jpg"], "captions": ["train_batch0.jpg", "train_batch1.jpg", "train_batch2.jpg"]}, "train/box_loss": 0.04684881120920181, "train/obj_loss": 0.022451521828770638, "train/cls_loss": 0.0, "metrics/precision": 0.6776884821329265, "metrics/recall": 0.6153846153846154, "metrics/mAP_0.5": 0.6252881713080904, "metrics/mAP_0.5:0.95": 0.2750472974397169, "val/box_loss": 0.04170713573694229, "val/obj_loss": 0.008224159479141235, "val/cls_loss": 0.0, "x/lr0": 0.00208, "x/lr1": 0.00208, "x/lr2": 0.00208, "BoundingBoxDebugger": {"_type": "images/separated", "width": 352, "height": 352, "format": "png", "count": 16, "filenames": ["media/images/BoundingBoxDebugger_9_cd951dcd4573d1d10b6d.png", "media/images/BoundingBoxDebugger_9_e8bb3f7accab8a2e770e.png", "media/images/BoundingBoxDebugger_9_eac0ba6795e75b99fab9.png", "media/images/BoundingBoxDebugger_9_21dbd1c756b5cc5578da.png", "media/images/BoundingBoxDebugger_9_5f99e3e6b52940b6533b.png", "media/images/BoundingBoxDebugger_9_40158166f9e5665336a8.png", "media/images/BoundingBoxDebugger_9_e5eca9ceb49c5c08746f.png", "media/images/BoundingBoxDebugger_9_6b9ef9094fcf368b26b0.png", "media/images/BoundingBoxDebugger_9_81289bef7c29c4633b64.png", "media/images/BoundingBoxDebugger_9_f65ad496818736634e29.png", "media/images/BoundingBoxDebugger_9_51528a79ff3b142df368.png", "media/images/BoundingBoxDebugger_9_2991155017ddd23dcea1.png", "media/images/BoundingBoxDebugger_9_d9ecafd5bad1bd17a686.png", "media/images/BoundingBoxDebugger_9_ed6dcbb05d629742dcbb.png", "media/images/BoundingBoxDebugger_9_8e6a446b433e075405f1.png", "media/images/BoundingBoxDebugger_9_98e1d4c89dd529ba02e0.png"], "captions": ["20221018_133908_jpg.rf.a4e89818a4e807cb21ca6d219ca20551.jpg", "20221018_140217_jpg.rf.094db2b1bdfc58a9f34e46964692a1d3.jpg", "20221018_140118_jpg.rf.989c0b1f941c119da3e461ca1aebddb2.jpg", "20221018_140112_jpg.rf.b4e0ebf1aa837bc9f97879c319a7d794.jpg", "20221018_140020_jpg.rf.c07d6f177dac0eab59acf1a0bb46638d.jpg", "20221018_135945_jpg.rf.716b51f240399d3d574e4f2584064c8d.jpg", "20221018_135802_jpg.rf.e26eacd08ea0ab900cadd6bd60d1746c.jpg", "20221018_135752_jpg.rf.b4c5a21d8e47ef85210a4e60d9aa4fdb.jpg", "20221018_135737_jpg.rf.26d1e0aebf840ee640bc2d42296b034f.jpg", "20221018_135619_jpg.rf.64b8e8094c3782f45bd86ed2af446ebc.jpg", "20221018_135559_jpg.rf.a367e8effa8df355e37e487fa62f83e0.jpg", "20221018_135507_jpg.rf.9d031c4fb76eafee4ced3e20d7d93bda.jpg", "20221018_135453_jpg.rf.1cef602604c0d79a858e1331d2d075d3.jpg", "20221018_135449_jpg.rf.220e17a1380c8480bb8ce59bb6c904c3.jpg", "20221018_135158_jpg.rf.dfb95646757f7fef204ff71c70e261b8.jpg", "20221018_134811_jpg.rf.e8249d4bd07a7fd6b8d8ead61b5b1d03.jpg"], "all_boxes": [{"predictions": {"_type": "boxes2D", "sha256": "d70b9d4ac756e57910d7e2afbf5c1a4c00a1b5cc82de69fcc089e613eee73bd8", "size": 60293, "path": "media/metadata/boxes2D/BoundingBoxDebugger_9_d70b9d4ac756e57910d7.boxes2D.json"}}, {"predictions": {"_type": "boxes2D", "sha256": "504fd9134ffafef6d009800d9c971c91f0b07d462c56348e7ee70f5b7d894666", "size": 60464, "path": "media/metadata/boxes2D/BoundingBoxDebugger_9_504fd9134ffafef6d009.boxes2D.json"}}, {"predictions": {"_type": "boxes2D", "sha256": "6f7597c916d8b62b124b589eb3a585a2f29e4bf1ff373421b594ad8288c21e11", "size": 60455, "path": "media/metadata/boxes2D/BoundingBoxDebugger_9_6f7597c916d8b62b124b.boxes2D.json"}}, {"predictions": {"_type": "boxes2D", "sha256": "c3a2c02639f7b08fababb4a4491a7860b69d0eebaca047ab1c411456b7d2c9c8", "size": 60411, "path": "media/metadata/boxes2D/BoundingBoxDebugger_9_c3a2c02639f7b08fabab.boxes2D.json"}}, {"predictions": {"_type": "boxes2D", "sha256": "5610c5992f21b837e73839d7e01995c9daa3d2701e18839b8c10d85be5311b0f", "size": 60454, "path": "media/metadata/boxes2D/BoundingBoxDebugger_9_5610c5992f21b837e738.boxes2D.json"}}, {"predictions": {"_type": "boxes2D", "sha256": "15f96fb8da1fbcb385ad9620112d33013488f7d072cddd45828ecbae7e55e7de", "size": 60585, "path": "media/metadata/boxes2D/BoundingBoxDebugger_9_15f96fb8da1fbcb385ad.boxes2D.json"}}, {"predictions": {"_type": "boxes2D", "sha256": "3da49324895e8992a5529cb399714a3a63f6eff3eee9036f97f79ab3e79fec43", "size": 60420, "path": "media/metadata/boxes2D/BoundingBoxDebugger_9_3da49324895e8992a552.boxes2D.json"}}, {"predictions": {"_type": "boxes2D", "sha256": "d0d5d57f5e19add9ea7adab4e752a0f25b290550d0be907acb2099177c184f85", "size": 60191, "path": "media/metadata/boxes2D/BoundingBoxDebugger_9_d0d5d57f5e19add9ea7a.boxes2D.json"}}, {"predictions": {"_type": "boxes2D", "sha256": "4457e1c56698fb2956b6fd13dae7179edac1e7b47bb8cb826e01fb0e4afa4d97", "size": 60218, "path": "media/metadata/boxes2D/BoundingBoxDebugger_9_4457e1c56698fb2956b6.boxes2D.json"}}, {"predictions": {"_type": "boxes2D", "sha256": "7a4b850520679737daf11430faedafec6ae2809be663711880a54b29b9432cc1", "size": 60484, "path": "media/metadata/boxes2D/BoundingBoxDebugger_9_7a4b850520679737daf1.boxes2D.json"}}, {"predictions": {"_type": "boxes2D", "sha256": "6989894ed40b3ac2304700d4abc6f5049be7cb9cdfc4fcca161d46fd85808063", "size": 60556, "path": "media/metadata/boxes2D/BoundingBoxDebugger_9_6989894ed40b3ac23047.boxes2D.json"}}, {"predictions": {"_type": "boxes2D", "sha256": "3ae60b8af8382417e8c25c88e313c868159cf871ccaed3f5f57b2d048694bf5b", "size": 60267, "path": "media/metadata/boxes2D/BoundingBoxDebugger_9_3ae60b8af8382417e8c2.boxes2D.json"}}, {"predictions": {"_type": "boxes2D", "sha256": "a155ed76fb67791062812b98bf4fb0dfe1edf901121467147f9a88a06fe7984a", "size": 60441, "path": "media/metadata/boxes2D/BoundingBoxDebugger_9_a155ed76fb6779106281.boxes2D.json"}}, {"predictions": {"_type": "boxes2D", "sha256": "08ce43238e91c0b1fa05857cab713149bda114c3a72cd10abd5098bf9059af80", "size": 60564, "path": "media/metadata/boxes2D/BoundingBoxDebugger_9_08ce43238e91c0b1fa05.boxes2D.json"}}, {"predictions": {"_type": "boxes2D", "sha256": "56a698525d14f3d0edef27bedd88e743d8b42522dc5b313a4c6657112cf37c7c", "size": 60347, "path": "media/metadata/boxes2D/BoundingBoxDebugger_9_56a698525d14f3d0edef.boxes2D.json"}}, {"predictions": {"_type": "boxes2D", "sha256": "78f36e6ce18dc88252263ba9b443623fd95b943fb0edc4d748cf575e87c6ae5f", "size": 60368, "path": "media/metadata/boxes2D/BoundingBoxDebugger_9_78f36e6ce18dc8825226.boxes2D.json"}}]}, "_timestamp": 1668689840.6029415, "_runtime": 305.4759166240692, "_step": 9}