{"best/epoch": 48, "best/precision": 0.8426029478661057, "best/recall": 0.8236648236648236, "best/mAP_0.5": 0.842415574071072, "best/mAP_0.5:0.95": 0.7149435191534581, "Labels": {"_type": "images/separated", "width": 1600, "height": 1600, "format": "jpg", "count": 2, "filenames": ["media/images/Labels_0_0c33d1d28f2ceb9bb0e4.jpg", "media/images/Labels_0_6521b0080b7888f708a8.jpg"], "captions": ["labels.jpg", "labels_correlogram.jpg"]}, "Mosaics": {"_type": "images/separated", "width": 960, "height": 960, "format": "jpg", "count": 3, "filenames": ["media/images/Mosaics_0_2650d257f905706e63ad.jpg", "media/images/Mosaics_0_e497539866556f1820ae.jpg", "media/images/Mosaics_0_bce94c4cba44175d9a1d.jpg"], "captions": ["train_batch0.jpg", "train_batch1.jpg", "train_batch2.jpg"]}, "train/box_loss": 0.01886264607310295, "train/obj_loss": 0.009948606602847576, "train/cls_loss": 0.0, "metrics/precision": 0.8413560181161115, "metrics/recall": 0.7948717948717948, "metrics/mAP_0.5": 0.8370457764134233, "metrics/mAP_0.5:0.95": 0.6980293035874255, "val/box_loss": 0.021362408995628357, "val/obj_loss": 0.005775272846221924, "val/cls_loss": 0.0, "x/lr0": 0.0004960000000000005, "x/lr1": 0.0004960000000000005, "x/lr2": 0.0004960000000000005, "_timestamp": 1668665009.2630842, "_runtime": 3168.5650062561035, "_step": 49, "BoundingBoxDebugger": {"_type": "images/separated", "width": 352, "height": 352, "format": "png", "count": 16, "filenames": ["media/images/BoundingBoxDebugger_49_cd951dcd4573d1d10b6d.png", "media/images/BoundingBoxDebugger_49_e8bb3f7accab8a2e770e.png", "media/images/BoundingBoxDebugger_49_eac0ba6795e75b99fab9.png", "media/images/BoundingBoxDebugger_49_21dbd1c756b5cc5578da.png", "media/images/BoundingBoxDebugger_49_5f99e3e6b52940b6533b.png", "media/images/BoundingBoxDebugger_49_40158166f9e5665336a8.png", "media/images/BoundingBoxDebugger_49_e5eca9ceb49c5c08746f.png", "media/images/BoundingBoxDebugger_49_6b9ef9094fcf368b26b0.png", "media/images/BoundingBoxDebugger_49_81289bef7c29c4633b64.png", "media/images/BoundingBoxDebugger_49_f65ad496818736634e29.png", "media/images/BoundingBoxDebugger_49_51528a79ff3b142df368.png", "media/images/BoundingBoxDebugger_49_2991155017ddd23dcea1.png", "media/images/BoundingBoxDebugger_49_d9ecafd5bad1bd17a686.png", "media/images/BoundingBoxDebugger_49_ed6dcbb05d629742dcbb.png", "media/images/BoundingBoxDebugger_49_8e6a446b433e075405f1.png", "media/images/BoundingBoxDebugger_49_98e1d4c89dd529ba02e0.png"], "captions": ["20221018_133908_jpg.rf.a4e89818a4e807cb21ca6d219ca20551.jpg", "20221018_140217_jpg.rf.094db2b1bdfc58a9f34e46964692a1d3.jpg", "20221018_140118_jpg.rf.989c0b1f941c119da3e461ca1aebddb2.jpg", "20221018_140112_jpg.rf.b4e0ebf1aa837bc9f97879c319a7d794.jpg", "20221018_140020_jpg.rf.c07d6f177dac0eab59acf1a0bb46638d.jpg", "20221018_135945_jpg.rf.716b51f240399d3d574e4f2584064c8d.jpg", "20221018_135802_jpg.rf.e26eacd08ea0ab900cadd6bd60d1746c.jpg", "20221018_135752_jpg.rf.b4c5a21d8e47ef85210a4e60d9aa4fdb.jpg", "20221018_135737_jpg.rf.26d1e0aebf840ee640bc2d42296b034f.jpg", "20221018_135619_jpg.rf.64b8e8094c3782f45bd86ed2af446ebc.jpg", "20221018_135559_jpg.rf.a367e8effa8df355e37e487fa62f83e0.jpg", "20221018_135507_jpg.rf.9d031c4fb76eafee4ced3e20d7d93bda.jpg", "20221018_135453_jpg.rf.1cef602604c0d79a858e1331d2d075d3.jpg", "20221018_135449_jpg.rf.220e17a1380c8480bb8ce59bb6c904c3.jpg", "20221018_135158_jpg.rf.dfb95646757f7fef204ff71c70e261b8.jpg", "20221018_134811_jpg.rf.e8249d4bd07a7fd6b8d8ead61b5b1d03.jpg"], "all_boxes": [{"predictions": {"_type": "boxes2D", "sha256": "f60909deeb57a2c96753b655b998c624614eb2a8246deac52b97fc887c8538c4", "size": 5107, "path": "media/metadata/boxes2D/BoundingBoxDebugger_49_f60909deeb57a2c96753.boxes2D.json"}}, {"predictions": {"_type": "boxes2D", "sha256": "796b259b2937c1f06d51fd90c13da07d3e65d90f5d5a1d81fba914a3039a0f3f", "size": 9319, "path": "media/metadata/boxes2D/BoundingBoxDebugger_49_796b259b2937c1f06d51.boxes2D.json"}}, {"predictions": {"_type": "boxes2D", "sha256": "0defd255485730308cc6fefcc337e9faa1078f6e94fc03a2b4771ac0abb98bdc", "size": 3272, "path": "media/metadata/boxes2D/BoundingBoxDebugger_49_0defd255485730308cc6.boxes2D.json"}}, {"predictions": {"_type": "boxes2D", "sha256": "132fb43d3890a7104cdacc3dbafeaa80be56e70a0d4fa9ec06d8e8d9cf7ae600", "size": 7532, "path": "media/metadata/boxes2D/BoundingBoxDebugger_49_132fb43d3890a7104cda.boxes2D.json"}}, {"predictions": {"_type": "boxes2D", "sha256": "7a91c82553f70d69ed0815d3e1d8945649b93cc8c8baaf70978f15d548f1e006", "size": 6508, "path": "media/metadata/boxes2D/BoundingBoxDebugger_49_7a91c82553f70d69ed08.boxes2D.json"}}, {"predictions": {"_type": "boxes2D", "sha256": "aeba54c416badcfda75697bb74bc9a852fe02e7d72e8a3741ecbc00cb3aefc1e", "size": 3887, "path": "media/metadata/boxes2D/BoundingBoxDebugger_49_aeba54c416badcfda756.boxes2D.json"}}, {"predictions": {"_type": "boxes2D", "sha256": "4f9c3ae1f9b6214dc05ce2fcf55f59bd2c62a1b9fcea10e52f8233ce41d99afd", "size": 4858, "path": "media/metadata/boxes2D/BoundingBoxDebugger_49_4f9c3ae1f9b6214dc05c.boxes2D.json"}}, {"predictions": {"_type": "boxes2D", "sha256": "7e11463777e12af5a872c387d6d45190d251738ab0fd479482f4dfaa9f9b8c15", "size": 9342, "path": "media/metadata/boxes2D/BoundingBoxDebugger_49_7e11463777e12af5a872.boxes2D.json"}}, {"predictions": {"_type": "boxes2D", "sha256": "80afa4a7cb7f6ffd3ea806f3917d074481a45cda179f1bdd58984d4fca1e499d", "size": 4696, "path": "media/metadata/boxes2D/BoundingBoxDebugger_49_80afa4a7cb7f6ffd3ea8.boxes2D.json"}}, {"predictions": {"_type": "boxes2D", "sha256": "0ac46107370a7395c596ae338e147e71aa1eeccdf30d3c27a53fec15baa1047c", "size": 8081, "path": "media/metadata/boxes2D/BoundingBoxDebugger_49_0ac46107370a7395c596.boxes2D.json"}}, {"predictions": {"_type": "boxes2D", "sha256": "d257a42c246de751ca1cd2699f6da69c1da484d4f73371bf6630dc9303ecfefa", "size": 8443, "path": "media/metadata/boxes2D/BoundingBoxDebugger_49_d257a42c246de751ca1c.boxes2D.json"}}, {"predictions": {"_type": "boxes2D", "sha256": "e077e77f6fded8f4742ddbb7cb19cb903d719e2056239a7c8bf280ba25a8b7ec", "size": 6659, "path": "media/metadata/boxes2D/BoundingBoxDebugger_49_e077e77f6fded8f4742d.boxes2D.json"}}, {"predictions": {"_type": "boxes2D", "sha256": "dcd201a2f20638978e6784e315919677e3b45e857e2abf68f4caaec6d4c43338", "size": 5853, "path": "media/metadata/boxes2D/BoundingBoxDebugger_49_dcd201a2f20638978e67.boxes2D.json"}}, {"predictions": {"_type": "boxes2D", "sha256": "4858a81365d234957a99afe1838c13d571a41790e393d8b596d63bf160241aa6", "size": 4639, "path": "media/metadata/boxes2D/BoundingBoxDebugger_49_4858a81365d234957a99.boxes2D.json"}}, {"predictions": {"_type": "boxes2D", "sha256": "f10de4a935582d1761312a39534bb56fd42fee3eae30a58041feb2ce9077eca8", "size": 3642, "path": "media/metadata/boxes2D/BoundingBoxDebugger_49_f10de4a935582d176131.boxes2D.json"}}, {"predictions": {"_type": "boxes2D", "sha256": "96caa595d0d5cfdb31d64a74dc42c72172639c24a7ef2627b010bdc747e967fd", "size": 6517, "path": "media/metadata/boxes2D/BoundingBoxDebugger_49_96caa595d0d5cfdb31d6.boxes2D.json"}}]}, "_wandb": {"runtime": 3173}}