{"best/epoch": 24, "best/precision": 0.7918914647221902, "best/recall": 0.7692307692307693, "best/mAP_0.5": 0.8285879354987764, "best/mAP_0.5:0.95": 0.6424791106638362, "Labels": {"_type": "images/separated", "width": 1600, "height": 1600, "format": "jpg", "count": 2, "filenames": ["media/images/Labels_0_0c33d1d28f2ceb9bb0e4.jpg", "media/images/Labels_0_6521b0080b7888f708a8.jpg"], "captions": ["labels.jpg", "labels_correlogram.jpg"]}, "Mosaics": {"_type": "images/separated", "width": 960, "height": 960, "format": "jpg", "count": 3, "filenames": ["media/images/Mosaics_0_2650d257f905706e63ad.jpg", "media/images/Mosaics_0_e497539866556f1820ae.jpg", "media/images/Mosaics_0_bce94c4cba44175d9a1d.jpg"], "captions": ["train_batch0.jpg", "train_batch1.jpg", "train_batch2.jpg"]}, "train/box_loss": 0.0235871784389019, "train/obj_loss": 0.013267760165035725, "train/cls_loss": 0.0, "metrics/precision": 0.7918914647221902, "metrics/recall": 0.7692307692307693, "metrics/mAP_0.5": 0.8285879354987764, "metrics/mAP_0.5:0.95": 0.6424791106638362, "val/box_loss": 0.02554268017411232, "val/obj_loss": 0.006135165691375732, "val/cls_loss": 0.0, "x/lr0": 0.0008919999999999996, "x/lr1": 0.0008919999999999996, "x/lr2": 0.0008919999999999996, "_timestamp": 1668661716.8341002, "_runtime": 1675.2839822769165, "_step": 24, "BoundingBoxDebugger": {"_type": "images/separated", "width": 352, "height": 352, "format": "png", "count": 16, "filenames": ["media/images/BoundingBoxDebugger_23_cd951dcd4573d1d10b6d.png", "media/images/BoundingBoxDebugger_23_e8bb3f7accab8a2e770e.png", "media/images/BoundingBoxDebugger_23_eac0ba6795e75b99fab9.png", "media/images/BoundingBoxDebugger_23_21dbd1c756b5cc5578da.png", "media/images/BoundingBoxDebugger_23_5f99e3e6b52940b6533b.png", "media/images/BoundingBoxDebugger_23_40158166f9e5665336a8.png", "media/images/BoundingBoxDebugger_23_e5eca9ceb49c5c08746f.png", "media/images/BoundingBoxDebugger_23_6b9ef9094fcf368b26b0.png", "media/images/BoundingBoxDebugger_23_81289bef7c29c4633b64.png", "media/images/BoundingBoxDebugger_23_f65ad496818736634e29.png", "media/images/BoundingBoxDebugger_23_51528a79ff3b142df368.png", "media/images/BoundingBoxDebugger_23_2991155017ddd23dcea1.png", "media/images/BoundingBoxDebugger_23_d9ecafd5bad1bd17a686.png", "media/images/BoundingBoxDebugger_23_ed6dcbb05d629742dcbb.png", "media/images/BoundingBoxDebugger_23_8e6a446b433e075405f1.png", "media/images/BoundingBoxDebugger_23_98e1d4c89dd529ba02e0.png"], "captions": ["20221018_133908_jpg.rf.a4e89818a4e807cb21ca6d219ca20551.jpg", "20221018_140217_jpg.rf.094db2b1bdfc58a9f34e46964692a1d3.jpg", "20221018_140118_jpg.rf.989c0b1f941c119da3e461ca1aebddb2.jpg", "20221018_140112_jpg.rf.b4e0ebf1aa837bc9f97879c319a7d794.jpg", "20221018_140020_jpg.rf.c07d6f177dac0eab59acf1a0bb46638d.jpg", "20221018_135945_jpg.rf.716b51f240399d3d574e4f2584064c8d.jpg", "20221018_135802_jpg.rf.e26eacd08ea0ab900cadd6bd60d1746c.jpg", "20221018_135752_jpg.rf.b4c5a21d8e47ef85210a4e60d9aa4fdb.jpg", "20221018_135737_jpg.rf.26d1e0aebf840ee640bc2d42296b034f.jpg", "20221018_135619_jpg.rf.64b8e8094c3782f45bd86ed2af446ebc.jpg", "20221018_135559_jpg.rf.a367e8effa8df355e37e487fa62f83e0.jpg", "20221018_135507_jpg.rf.9d031c4fb76eafee4ced3e20d7d93bda.jpg", "20221018_135453_jpg.rf.1cef602604c0d79a858e1331d2d075d3.jpg", "20221018_135449_jpg.rf.220e17a1380c8480bb8ce59bb6c904c3.jpg", "20221018_135158_jpg.rf.dfb95646757f7fef204ff71c70e261b8.jpg", "20221018_134811_jpg.rf.e8249d4bd07a7fd6b8d8ead61b5b1d03.jpg"], "all_boxes": [{"predictions": {"_type": "boxes2D", "sha256": "9d36d346909cd99872ffaaaf96c665d9208f2c1a583a4cffe9b8c6619a625574", "size": 28986, "path": "media/metadata/boxes2D/BoundingBoxDebugger_23_9d36d346909cd99872ff.boxes2D.json"}}, {"predictions": {"_type": "boxes2D", "sha256": "8dde81217158a266e3d378499cc1b5fe72b6e75c12c71e9ae1e9db7509f781af", "size": 20830, "path": "media/metadata/boxes2D/BoundingBoxDebugger_23_8dde81217158a266e3d3.boxes2D.json"}}, {"predictions": {"_type": "boxes2D", "sha256": "620bed893ca41bfef8cab7ab662c70ab27fea7dc4fdfd37528c368dcf88d3d56", "size": 19097, "path": "media/metadata/boxes2D/BoundingBoxDebugger_23_620bed893ca41bfef8ca.boxes2D.json"}}, {"predictions": {"_type": "boxes2D", "sha256": "d77e33f60aa627294733fc18fa81cfcd1cd38d7b1d2f48a18b772e3313eaf44f", "size": 21145, "path": "media/metadata/boxes2D/BoundingBoxDebugger_23_d77e33f60aa627294733.boxes2D.json"}}, {"predictions": {"_type": "boxes2D", "sha256": "9d1d8f3ba288ce624cb6815e29334f19a38c15314ca35ac0aad19a32d4b7b0bd", "size": 26447, "path": "media/metadata/boxes2D/BoundingBoxDebugger_23_9d1d8f3ba288ce624cb6.boxes2D.json"}}, {"predictions": {"_type": "boxes2D", "sha256": "a791f2cdda14a0873932d6b239eb6b75ed87923c667fc5899846529268ea9aec", "size": 17949, "path": "media/metadata/boxes2D/BoundingBoxDebugger_23_a791f2cdda14a0873932.boxes2D.json"}}, {"predictions": {"_type": "boxes2D", "sha256": "df4b9d631e1a32b898dded598a72f3f78c4772e06e885758a824a57e623357a7", "size": 17738, "path": "media/metadata/boxes2D/BoundingBoxDebugger_23_df4b9d631e1a32b898dd.boxes2D.json"}}, {"predictions": {"_type": "boxes2D", "sha256": "d9e28422b58877d8e9ddb9d94d5352cec9a0bede6a53a44c80425982a4b9ada4", "size": 26726, "path": "media/metadata/boxes2D/BoundingBoxDebugger_23_d9e28422b58877d8e9dd.boxes2D.json"}}, {"predictions": {"_type": "boxes2D", "sha256": "29eb3b8665a186bcd855d37a7b26eab9a2e4b7266cb9c499f6f4f9610ebb0eed", "size": 27877, "path": "media/metadata/boxes2D/BoundingBoxDebugger_23_29eb3b8665a186bcd855.boxes2D.json"}}, {"predictions": {"_type": "boxes2D", "sha256": "5a04e811b5ca1760a6b310307fd677fa50483ec9089afb92145baff4a574809c", "size": 27613, "path": "media/metadata/boxes2D/BoundingBoxDebugger_23_5a04e811b5ca1760a6b3.boxes2D.json"}}, {"predictions": {"_type": "boxes2D", "sha256": "3263842a20ff9be695d2692a284900d7995dd3512039d95d72295cde4128fafb", "size": 30982, "path": "media/metadata/boxes2D/BoundingBoxDebugger_23_3263842a20ff9be695d2.boxes2D.json"}}, {"predictions": {"_type": "boxes2D", "sha256": "c6a471b89f3d68c8ba36a243aa4935f179a5e36d28e6f22ee8f006d45857cdeb", "size": 18697, "path": "media/metadata/boxes2D/BoundingBoxDebugger_23_c6a471b89f3d68c8ba36.boxes2D.json"}}, {"predictions": {"_type": "boxes2D", "sha256": "7d17ae714a1d8cfa63b62e22fae6a787c73c9b6d5b48c8ff60fa53e537eb866e", "size": 31107, "path": "media/metadata/boxes2D/BoundingBoxDebugger_23_7d17ae714a1d8cfa63b6.boxes2D.json"}}, {"predictions": {"_type": "boxes2D", "sha256": "975302b5f2953558355cde637674ec8a894967e2798ea1c3db0b66628c555b33", "size": 28466, "path": "media/metadata/boxes2D/BoundingBoxDebugger_23_975302b5f2953558355c.boxes2D.json"}}, {"predictions": {"_type": "boxes2D", "sha256": "afa77dfc8ac416ef57e43044bf306e70ddcecbdff7f8c9ec8b8b46f1f4a4829e", "size": 22520, "path": "media/metadata/boxes2D/BoundingBoxDebugger_23_afa77dfc8ac416ef57e4.boxes2D.json"}}, {"predictions": {"_type": "boxes2D", "sha256": "dee0d751a823cbc854f0cd42638c423a7ba9f12f3203576ba7e01f2ea76f3395", "size": 20614, "path": "media/metadata/boxes2D/BoundingBoxDebugger_23_dee0d751a823cbc854f0.boxes2D.json"}}]}, "_wandb": {"runtime": 1680}}