{"best/epoch": 21, "best/precision": 0.6507981313398525, "best/recall": 0.8205128205128205, "best/mAP_0.5": 0.6895005971970333, "best/mAP_0.5:0.95": 0.5118664441395929, "Labels": {"_type": "images/separated", "width": 1600, "height": 1600, "format": "jpg", "count": 2, "filenames": ["media/images/Labels_0_0c33d1d28f2ceb9bb0e4.jpg", "media/images/Labels_0_6521b0080b7888f708a8.jpg"], "captions": ["labels.jpg", "labels_correlogram.jpg"]}, "Mosaics": {"_type": "images/separated", "width": 960, "height": 960, "format": "jpg", "count": 3, "filenames": ["media/images/Mosaics_0_2650d257f905706e63ad.jpg", "media/images/Mosaics_0_e497539866556f1820ae.jpg", "media/images/Mosaics_0_bce94c4cba44175d9a1d.jpg"], "captions": ["train_batch0.jpg", "train_batch1.jpg", "train_batch2.jpg"]}, "train/box_loss": 0.026528844609856606, "train/obj_loss": 0.014646491035819054, "train/cls_loss": 0.0, "metrics/precision": 0.6503922776031619, "metrics/recall": 0.8205128205128205, "metrics/mAP_0.5": 0.6894991522174252, "metrics/mAP_0.5:0.95": 0.5104296035843492, "val/box_loss": 0.028562862426042557, "val/obj_loss": 0.007212519645690918, "val/cls_loss": 0.0, "x/lr0": 0.0008919999999999996, "x/lr1": 0.0008919999999999996, "x/lr2": 0.0008919999999999996, "_timestamp": 1668684286.1959617, "_runtime": 708.1281588077545, "_step": 25, "BoundingBoxDebugger": {"_type": "images/separated", "width": 352, "height": 352, "format": "png", "count": 16, "filenames": ["media/images/BoundingBoxDebugger_23_cd951dcd4573d1d10b6d.png", "media/images/BoundingBoxDebugger_23_e8bb3f7accab8a2e770e.png", "media/images/BoundingBoxDebugger_23_eac0ba6795e75b99fab9.png", "media/images/BoundingBoxDebugger_23_21dbd1c756b5cc5578da.png", "media/images/BoundingBoxDebugger_23_5f99e3e6b52940b6533b.png", "media/images/BoundingBoxDebugger_23_40158166f9e5665336a8.png", "media/images/BoundingBoxDebugger_23_e5eca9ceb49c5c08746f.png", "media/images/BoundingBoxDebugger_23_6b9ef9094fcf368b26b0.png", "media/images/BoundingBoxDebugger_23_81289bef7c29c4633b64.png", "media/images/BoundingBoxDebugger_23_f65ad496818736634e29.png", "media/images/BoundingBoxDebugger_23_51528a79ff3b142df368.png", "media/images/BoundingBoxDebugger_23_2991155017ddd23dcea1.png", "media/images/BoundingBoxDebugger_23_d9ecafd5bad1bd17a686.png", "media/images/BoundingBoxDebugger_23_ed6dcbb05d629742dcbb.png", "media/images/BoundingBoxDebugger_23_8e6a446b433e075405f1.png", "media/images/BoundingBoxDebugger_23_98e1d4c89dd529ba02e0.png"], "captions": ["20221018_133908_jpg.rf.a4e89818a4e807cb21ca6d219ca20551.jpg", "20221018_140217_jpg.rf.094db2b1bdfc58a9f34e46964692a1d3.jpg", "20221018_140118_jpg.rf.989c0b1f941c119da3e461ca1aebddb2.jpg", "20221018_140112_jpg.rf.b4e0ebf1aa837bc9f97879c319a7d794.jpg", "20221018_140020_jpg.rf.c07d6f177dac0eab59acf1a0bb46638d.jpg", "20221018_135945_jpg.rf.716b51f240399d3d574e4f2584064c8d.jpg", "20221018_135802_jpg.rf.e26eacd08ea0ab900cadd6bd60d1746c.jpg", "20221018_135752_jpg.rf.b4c5a21d8e47ef85210a4e60d9aa4fdb.jpg", "20221018_135737_jpg.rf.26d1e0aebf840ee640bc2d42296b034f.jpg", "20221018_135619_jpg.rf.64b8e8094c3782f45bd86ed2af446ebc.jpg", "20221018_135559_jpg.rf.a367e8effa8df355e37e487fa62f83e0.jpg", "20221018_135507_jpg.rf.9d031c4fb76eafee4ced3e20d7d93bda.jpg", "20221018_135453_jpg.rf.1cef602604c0d79a858e1331d2d075d3.jpg", "20221018_135449_jpg.rf.220e17a1380c8480bb8ce59bb6c904c3.jpg", "20221018_135158_jpg.rf.dfb95646757f7fef204ff71c70e261b8.jpg", "20221018_134811_jpg.rf.e8249d4bd07a7fd6b8d8ead61b5b1d03.jpg"], "all_boxes": [{"predictions": {"_type": "boxes2D", "sha256": "68457ea3e63d3fb0b1edb7cb2f871b38c4b7a84414c2b9cdb0bcbb594c29aa9e", "size": 26741, "path": "media/metadata/boxes2D/BoundingBoxDebugger_23_68457ea3e63d3fb0b1ed.boxes2D.json"}}, {"predictions": {"_type": "boxes2D", "sha256": "0d08f39673a381d6a9ffd53d8f9dd9a14a6537599f3c2438e38eae8b0137c587", "size": 29641, "path": "media/metadata/boxes2D/BoundingBoxDebugger_23_0d08f39673a381d6a9ff.boxes2D.json"}}, {"predictions": {"_type": "boxes2D", "sha256": "98a10622265445bef91466a7884be778cbaa6ef10b83cb56a94758b2b564e483", "size": 20613, "path": "media/metadata/boxes2D/BoundingBoxDebugger_23_98a10622265445bef914.boxes2D.json"}}, {"predictions": {"_type": "boxes2D", "sha256": "80f45b78d5e506b026847014146d5c0364836ce58ea69b1a81ba3e1867571385", "size": 39961, "path": "media/metadata/boxes2D/BoundingBoxDebugger_23_80f45b78d5e506b02684.boxes2D.json"}}, {"predictions": {"_type": "boxes2D", "sha256": "2d5b8dbeb22bd2821e354f30d01bd9e0a9d4640f111817389926919b7aa26f9c", "size": 31074, "path": "media/metadata/boxes2D/BoundingBoxDebugger_23_2d5b8dbeb22bd2821e35.boxes2D.json"}}, {"predictions": {"_type": "boxes2D", "sha256": "701540432df10a73c0f3476c6177dc1479aeb6c7ecef78232288a05454285b84", "size": 26789, "path": "media/metadata/boxes2D/BoundingBoxDebugger_23_701540432df10a73c0f3.boxes2D.json"}}, {"predictions": {"_type": "boxes2D", "sha256": "4509a74053e3e8ac9b5e10890835d768da36eceaf181ba9b41e40ffbc411fb44", "size": 22224, "path": "media/metadata/boxes2D/BoundingBoxDebugger_23_4509a74053e3e8ac9b5e.boxes2D.json"}}, {"predictions": {"_type": "boxes2D", "sha256": "8aff1a06642e52915c9bcf048115b3116783ed60ae01e85e1253af4b64a9601b", "size": 33864, "path": "media/metadata/boxes2D/BoundingBoxDebugger_23_8aff1a06642e52915c9b.boxes2D.json"}}, {"predictions": {"_type": "boxes2D", "sha256": "61becf533d48e05fa9a0fad4626bd51ab18caa66473516c49334d3dafa143ea4", "size": 35084, "path": "media/metadata/boxes2D/BoundingBoxDebugger_23_61becf533d48e05fa9a0.boxes2D.json"}}, {"predictions": {"_type": "boxes2D", "sha256": "1e17a4e9e66f0830d641fcec2280c215f6988b223022fd142952633e8e5fe051", "size": 44517, "path": "media/metadata/boxes2D/BoundingBoxDebugger_23_1e17a4e9e66f0830d641.boxes2D.json"}}, {"predictions": {"_type": "boxes2D", "sha256": "d182a389673439cb96f80f21f5e1e6402252365c8ff28bf316476bd7e9d806af", "size": 26943, "path": "media/metadata/boxes2D/BoundingBoxDebugger_23_d182a389673439cb96f8.boxes2D.json"}}, {"predictions": {"_type": "boxes2D", "sha256": "17a30775ec609c6f7fdb22642cb7f9ac540023f4ee640d28e019c1245a00bb05", "size": 38468, "path": "media/metadata/boxes2D/BoundingBoxDebugger_23_17a30775ec609c6f7fdb.boxes2D.json"}}, {"predictions": {"_type": "boxes2D", "sha256": "54436d40ed0faac44e8bc688cce3d0de78490980d7ed272d57ff8a47cccb9b82", "size": 31059, "path": "media/metadata/boxes2D/BoundingBoxDebugger_23_54436d40ed0faac44e8b.boxes2D.json"}}, {"predictions": {"_type": "boxes2D", "sha256": "c9c04e60b2f95972eccdc6c4a1eefcfea6c38606f6b3a3135d06c247f192c016", "size": 44745, "path": "media/metadata/boxes2D/BoundingBoxDebugger_23_c9c04e60b2f95972eccd.boxes2D.json"}}, {"predictions": {"_type": "boxes2D", "sha256": "f9eb25252a0b251be233d2bd39d1f68995dcb717a97365ac094314a8c4dc2d18", "size": 41035, "path": "media/metadata/boxes2D/BoundingBoxDebugger_23_f9eb25252a0b251be233.boxes2D.json"}}, {"predictions": {"_type": "boxes2D", "sha256": "854ca02608d9eae70954888b12616294a4a3038e39271dca366bfc1b3ef0d891", "size": 29022, "path": "media/metadata/boxes2D/BoundingBoxDebugger_23_854ca02608d9eae70954.boxes2D.json"}}]}, "Validation": {"_type": "images/separated", "width": 1408, "height": 1408, "format": "jpg", "count": 4, "filenames": ["media/images/Validation_25_dfd7d9dfa181ff57ca5b.jpg", "media/images/Validation_25_58d1d8aee543761acc5a.jpg", "media/images/Validation_25_798402df2c87ef817b29.jpg", "media/images/Validation_25_183328d05dc9a0a9d9d3.jpg"], "captions": ["val_batch0_labels.jpg", "val_batch0_pred.jpg", "val_batch1_labels.jpg", "val_batch1_pred.jpg"]}, "Results": {"_type": "images/separated", "width": 2400, "height": 1200, "format": "png", "count": 5, "filenames": ["media/images/Results_25_ac9119ae394e518103e5.png", "media/images/Results_25_be37b35ab1da5ca7a368.png", "media/images/Results_25_b307b2af6c5f256189fd.png", "media/images/Results_25_314d9d111c5bebf4aabd.png", "media/images/Results_25_32ecc9ca108e7b2f0d5b.png"], "captions": ["results.png", "F1_curve.png", "PR_curve.png", "P_curve.png", "R_curve.png"]},