{"best/epoch": 96, "best/precision": 0.9215552450846568, "best/recall": 0.7692307692307693, "best/mAP_0.5": 0.877437960930908, "best/mAP_0.5:0.95": 0.7494439669988873, "Labels": {"_type": "images/separated", "width": 1600, "height": 1600, "format": "jpg", "count": 2, "filenames": ["media/images/Labels_0_0c33d1d28f2ceb9bb0e4.jpg", "media/images/Labels_0_6521b0080b7888f708a8.jpg"], "captions": ["labels.jpg", "labels_correlogram.jpg"]}, "Mosaics": {"_type": "images/separated", "width": 960, "height": 960, "format": "jpg", "count": 3, "filenames": ["media/images/Mosaics_0_2650d257f905706e63ad.jpg", "media/images/Mosaics_0_e497539866556f1820ae.jpg", "media/images/Mosaics_0_bce94c4cba44175d9a1d.jpg"], "captions": ["train_batch0.jpg", "train_batch1.jpg", "train_batch2.jpg"]}, "train/box_loss": 0.015336135402321815, "train/obj_loss": 0.00786580890417099, "train/cls_loss": 0.0, "metrics/precision": 0.9384895012636241, "metrics/recall": 0.7826270940306028, "metrics/mAP_0.5": 0.8752276205943208, "metrics/mAP_0.5:0.95": 0.745841759453404, "val/box_loss": 0.022664174437522888, "val/obj_loss": 0.005193650722503662, "val/cls_loss": 0.0, "x/lr0": 0.0002980000000000002, "x/lr1": 0.0002980000000000002, "x/lr2": 0.0002980000000000002, "_timestamp": 1668675888.9927936, "_runtime": 6072.753578662872, "_step": 99, "BoundingBoxDebugger": {"_type": "images/separated", "width": 352, "height": 352, "format": "png", "count": 16, "filenames": ["media/images/BoundingBoxDebugger_99_cd951dcd4573d1d10b6d.png", "media/images/BoundingBoxDebugger_99_e8bb3f7accab8a2e770e.png", "media/images/BoundingBoxDebugger_99_eac0ba6795e75b99fab9.png", "media/images/BoundingBoxDebugger_99_21dbd1c756b5cc5578da.png", "media/images/BoundingBoxDebugger_99_5f99e3e6b52940b6533b.png", "media/images/BoundingBoxDebugger_99_40158166f9e5665336a8.png", "media/images/BoundingBoxDebugger_99_e5eca9ceb49c5c08746f.png", "media/images/BoundingBoxDebugger_99_6b9ef9094fcf368b26b0.png", "media/images/BoundingBoxDebugger_99_81289bef7c29c4633b64.png", "media/images/BoundingBoxDebugger_99_f65ad496818736634e29.png", "media/images/BoundingBoxDebugger_99_51528a79ff3b142df368.png", "media/images/BoundingBoxDebugger_99_2991155017ddd23dcea1.png", "media/images/BoundingBoxDebugger_99_d9ecafd5bad1bd17a686.png", "media/images/BoundingBoxDebugger_99_ed6dcbb05d629742dcbb.png", "media/images/BoundingBoxDebugger_99_8e6a446b433e075405f1.png", "media/images/BoundingBoxDebugger_99_98e1d4c89dd529ba02e0.png"], "captions": ["20221018_133908_jpg.rf.a4e89818a4e807cb21ca6d219ca20551.jpg", "20221018_140217_jpg.rf.094db2b1bdfc58a9f34e46964692a1d3.jpg", "20221018_140118_jpg.rf.989c0b1f941c119da3e461ca1aebddb2.jpg", "20221018_140112_jpg.rf.b4e0ebf1aa837bc9f97879c319a7d794.jpg", "20221018_140020_jpg.rf.c07d6f177dac0eab59acf1a0bb46638d.jpg", "20221018_135945_jpg.rf.716b51f240399d3d574e4f2584064c8d.jpg", "20221018_135802_jpg.rf.e26eacd08ea0ab900cadd6bd60d1746c.jpg", "20221018_135752_jpg.rf.b4c5a21d8e47ef85210a4e60d9aa4fdb.jpg", "20221018_135737_jpg.rf.26d1e0aebf840ee640bc2d42296b034f.jpg", "20221018_135619_jpg.rf.64b8e8094c3782f45bd86ed2af446ebc.jpg", "20221018_135559_jpg.rf.a367e8effa8df355e37e487fa62f83e0.jpg", "20221018_135507_jpg.rf.9d031c4fb76eafee4ced3e20d7d93bda.jpg", "20221018_135453_jpg.rf.1cef602604c0d79a858e1331d2d075d3.jpg", "20221018_135449_jpg.rf.220e17a1380c8480bb8ce59bb6c904c3.jpg", "20221018_135158_jpg.rf.dfb95646757f7fef204ff71c70e261b8.jpg", "20221018_134811_jpg.rf.e8249d4bd07a7fd6b8d8ead61b5b1d03.jpg"], "all_boxes": [{"predictions": {"_type": "boxes2D", "sha256": "d2432f7449030f668e867f741d626ed177ea4b7c65efa943e1c2fee409d9fe34", "size": 1669, "path": "media/metadata/boxes2D/BoundingBoxDebugger_99_d2432f7449030f668e86.boxes2D.json"}}, {"predictions": {"_type": "boxes2D", "sha256": "16a34086412315209e47a65f3a6ae5392b3d6c69f2c1cbcbbe98492fc6d9ed47", "size": 3286, "path": "media/metadata/boxes2D/BoundingBoxDebugger_99_16a34086412315209e47.boxes2D.json"}}, {"predictions": {"_type": "boxes2D", "sha256": "28d3434e455eb7a1b01d8c186a1a1155d723105db99dc9684f8d58c1169c4561", "size": 2242, "path": "media/metadata/boxes2D/BoundingBoxDebugger_99_28d3434e455eb7a1b01d.boxes2D.json"}}, {"predictions": {"_type": "boxes2D", "sha256": "5bb7ab511b716c4d9c03f114cfab91dbb8a99020ccf42e8735579864f28253cb", "size": 1856, "path": "media/metadata/boxes2D/BoundingBoxDebugger_99_5bb7ab511b716c4d9c03.boxes2D.json"}}, {"predictions": {"_type": "boxes2D", "sha256": "c3399bb1c1cfa39c34f5228c166610ff73c551bdfbd3d1b4c5f4757accbefff9", "size": 1652, "path": "media/metadata/boxes2D/BoundingBoxDebugger_99_c3399bb1c1cfa39c34f5.boxes2D.json"}}, {"predictions": {"_type": "boxes2D", "sha256": "6fdb07238bd7c89536074aeb56226164dda6341cd476debd60bf79dcea5a76c4", "size": 648, "path": "media/metadata/boxes2D/BoundingBoxDebugger_99_6fdb07238bd7c8953607.boxes2D.json"}}, {"predictions": {"_type": "boxes2D", "sha256": "47adfa3cb7c1a88f35fc3260b0d33806b0357a5b48a0b6efb3d6e4f8240fe279", "size": 1039, "path": "media/metadata/boxes2D/BoundingBoxDebugger_99_47adfa3cb7c1a88f35fc.boxes2D.json"}}, {"predictions": {"_type": "boxes2D", "sha256": "de3d7608eba2aba650d0cc53a623164aace0676c1a582ed190de49618468c3ce", "size": 1638, "path": "media/metadata/boxes2D/BoundingBoxDebugger_99_de3d7608eba2aba650d0.boxes2D.json"}}, {"predictions": {"_type": "boxes2D", "sha256": "b1fece265ed7dbe900860a326d9943c42dfa500b078c1e3f0b2835d02673f395", "size": 4322, "path": "media/metadata/boxes2D/BoundingBoxDebugger_99_b1fece265ed7dbe90086.boxes2D.json"}}, {"predictions": {"_type": "boxes2D", "sha256": "e0705a79b11b7074bd397c7f5d6cd6e37f2917ef6b4dbd74e6d488696f05c6c4", "size": 3427, "path": "media/metadata/boxes2D/BoundingBoxDebugger_99_e0705a79b11b7074bd39.boxes2D.json"}}, {"predictions": {"_type": "boxes2D", "sha256": "10c89c88cb60f113a5e40d64f425568070f313dbafae2ab667878b572b3f3bce", "size": 3000, "path": "media/metadata/boxes2D/BoundingBoxDebugger_99_10c89c88cb60f113a5e4.boxes2D.json"}}, {"predictions": {"_type": "boxes2D", "sha256": "0d1205b7c5cb80321a618c32117aeb1d665b34a53f2f9010a7bdd8743263dfb9", "size": 2044, "path": "media/metadata/boxes2D/BoundingBoxDebugger_99_0d1205b7c5cb80321a61.boxes2D.json"}}, {"predictions": {"_type": "boxes2D", "sha256": "a8251aead258007c5405d388c9288716ec6c46dc1e6486598f4a92a2d54ab490", "size": 1646, "path": "media/metadata/boxes2D/BoundingBoxDebugger_99_a8251aead258007c5405.boxes2D.json"}}, {"predictions": {"_type": "boxes2D", "sha256": "8073b80431e56d5c378879d0828619f49f2dcf252f024358b2afe176e457636a", "size": 1634, "path": "media/metadata/boxes2D/BoundingBoxDebugger_99_8073b80431e56d5c3788.boxes2D.json"}}, {"predictions": {"_type": "boxes2D", "sha256": "a5038ff8388a0dec7f0d361f75508094e2a3f08eca9edd8318af99d212bc5eda", "size": 850, "path": "media/metadata/boxes2D/BoundingBoxDebugger_99_a5038ff8388a0dec7f0d.boxes2D.json"}}, {"predictions": {"_type": "boxes2D", "sha256": "bb8eee4d4015cbdb46fac431ef30ee1198df1d5d6df8200b25c66518efcc4328", "size": 2078, "path": "media/metadata/boxes2D/BoundingBoxDebugger_99_bb8eee4d4015cbdb46fa.boxes2D.json"}}]}, "_wandb": {"runtime": 6078}}