{"best/epoch": 46, "best/precision": 0.758374846019206, "best/recall": 0.8205128205128205, "best/mAP_0.5": 0.794862919294289, "best/mAP_0.5:0.95": 0.6232776366890093, "Labels": {"_type": "images/separated", "width": 1600, "height": 1600, "format": "jpg", "count": 2, "filenames": ["media/images/Labels_0_0c33d1d28f2ceb9bb0e4.jpg", "media/images/Labels_0_6521b0080b7888f708a8.jpg"], "captions": ["labels.jpg", "labels_correlogram.jpg"]}, "Mosaics": {"_type": "images/separated", "width": 960, "height": 960, "format": "jpg", "count": 3, "filenames": ["media/images/Mosaics_0_2650d257f905706e63ad.jpg", "media/images/Mosaics_0_e497539866556f1820ae.jpg", "media/images/Mosaics_0_bce94c4cba44175d9a1d.jpg"], "captions": ["train_batch0.jpg", "train_batch1.jpg", "train_batch2.jpg"]}, "train/box_loss": 0.021578574553132057, "train/obj_loss": 0.011285037733614445, "train/cls_loss": 0.0, "metrics/precision": 0.7443765498809836, "metrics/recall": 0.8213529892186966, "metrics/mAP_0.5": 0.784569558024949, "metrics/mAP_0.5:0.95": 0.6166424046898789, "val/box_loss": 0.025715557858347893, "val/obj_loss": 0.006514221429824829, "val/cls_loss": 0.0, "x/lr0": 0.0004960000000000005, "x/lr1": 0.0004960000000000005, "x/lr2": 0.0004960000000000005, "_timestamp": 1668683547.51085, "_runtime": 1200.657919883728, "_step": 49, "BoundingBoxDebugger": {"_type": "images/separated", "width": 352, "height": 352, "format": "png", "count": 16, "filenames": ["media/images/BoundingBoxDebugger_49_cd951dcd4573d1d10b6d.png", "media/images/BoundingBoxDebugger_49_e8bb3f7accab8a2e770e.png", "media/images/BoundingBoxDebugger_49_eac0ba6795e75b99fab9.png", "media/images/BoundingBoxDebugger_49_21dbd1c756b5cc5578da.png", "media/images/BoundingBoxDebugger_49_5f99e3e6b52940b6533b.png", "media/images/BoundingBoxDebugger_49_40158166f9e5665336a8.png", "media/images/BoundingBoxDebugger_49_e5eca9ceb49c5c08746f.png", "media/images/BoundingBoxDebugger_49_6b9ef9094fcf368b26b0.png", "media/images/BoundingBoxDebugger_49_81289bef7c29c4633b64.png", "media/images/BoundingBoxDebugger_49_f65ad496818736634e29.png", "media/images/BoundingBoxDebugger_49_51528a79ff3b142df368.png", "media/images/BoundingBoxDebugger_49_2991155017ddd23dcea1.png", "media/images/BoundingBoxDebugger_49_d9ecafd5bad1bd17a686.png", "media/images/BoundingBoxDebugger_49_ed6dcbb05d629742dcbb.png", "media/images/BoundingBoxDebugger_49_8e6a446b433e075405f1.png", "media/images/BoundingBoxDebugger_49_98e1d4c89dd529ba02e0.png"], "captions": ["20221018_133908_jpg.rf.a4e89818a4e807cb21ca6d219ca20551.jpg", "20221018_140217_jpg.rf.094db2b1bdfc58a9f34e46964692a1d3.jpg", "20221018_140118_jpg.rf.989c0b1f941c119da3e461ca1aebddb2.jpg", "20221018_140112_jpg.rf.b4e0ebf1aa837bc9f97879c319a7d794.jpg", "20221018_140020_jpg.rf.c07d6f177dac0eab59acf1a0bb46638d.jpg", "20221018_135945_jpg.rf.716b51f240399d3d574e4f2584064c8d.jpg", "20221018_135802_jpg.rf.e26eacd08ea0ab900cadd6bd60d1746c.jpg", "20221018_135752_jpg.rf.b4c5a21d8e47ef85210a4e60d9aa4fdb.jpg", "20221018_135737_jpg.rf.26d1e0aebf840ee640bc2d42296b034f.jpg", "20221018_135619_jpg.rf.64b8e8094c3782f45bd86ed2af446ebc.jpg", "20221018_135559_jpg.rf.a367e8effa8df355e37e487fa62f83e0.jpg", "20221018_135507_jpg.rf.9d031c4fb76eafee4ced3e20d7d93bda.jpg", "20221018_135453_jpg.rf.1cef602604c0d79a858e1331d2d075d3.jpg", "20221018_135449_jpg.rf.220e17a1380c8480bb8ce59bb6c904c3.jpg", "20221018_135158_jpg.rf.dfb95646757f7fef204ff71c70e261b8.jpg", "20221018_134811_jpg.rf.e8249d4bd07a7fd6b8d8ead61b5b1d03.jpg"], "all_boxes": [{"predictions": {"_type": "boxes2D", "sha256": "1ccae6bb83db673c5aa2ffe8bd85c9d39e676afe248e58bc6ffb4c03a1e73f4a", "size": 3868, "path": "media/metadata/boxes2D/BoundingBoxDebugger_49_1ccae6bb83db673c5aa2.boxes2D.json"}}, {"predictions": {"_type": "boxes2D", "sha256": "f8aec74da55d107c70823d11be2fb27b1ef7363b6a58b53dc34fec5e411677b6", "size": 3880, "path": "media/metadata/boxes2D/BoundingBoxDebugger_49_f8aec74da55d107c7082.boxes2D.json"}}, {"predictions": {"_type": "boxes2D", "sha256": "33d98091b43dda7f42d640ace2b963115bcbf79812919bdb75f167693c7ba849", "size": 10513, "path": "media/metadata/boxes2D/BoundingBoxDebugger_49_33d98091b43dda7f42d6.boxes2D.json"}}, {"predictions": {"_type": "boxes2D", "sha256": "a725f3c8dd735300b1c4267f945129deb20a66c3a73ff8cb4fae5e02c229dd01", "size": 7299, "path": "media/metadata/boxes2D/BoundingBoxDebugger_49_a725f3c8dd735300b1c4.boxes2D.json"}}, {"predictions": {"_type": "boxes2D", "sha256": "a225830326437c39f70a4b93d10802701363c7a8323b02059d537f6640b9ef07", "size": 7727, "path": "media/metadata/boxes2D/BoundingBoxDebugger_49_a225830326437c39f70a.boxes2D.json"}}, {"predictions": {"_type": "boxes2D", "sha256": "f14884247e46693abb2caad0e37f84de9c6bd2634c34fb8f192feffd7b7299d4", "size": 6767, "path": "media/metadata/boxes2D/BoundingBoxDebugger_49_f14884247e46693abb2c.boxes2D.json"}}, {"predictions": {"_type": "boxes2D", "sha256": "9c23308e398402e8367f78a5f45f216704f7e7c868136ab8d16165a78b79ed15", "size": 10654, "path": "media/metadata/boxes2D/BoundingBoxDebugger_49_9c23308e398402e8367f.boxes2D.json"}}, {"predictions": {"_type": "boxes2D", "sha256": "b200632b3c12d547d99e7a2e6937b989eed7944bca389e84aac1648c8e159ac3", "size": 4875, "path": "media/metadata/boxes2D/BoundingBoxDebugger_49_b200632b3c12d547d99e.boxes2D.json"}}, {"predictions": {"_type": "boxes2D", "sha256": "a93f006f8e92e8bc61acce3be60d849718aade7404e0e306c833d4f32b333251", "size": 12489, "path": "media/metadata/boxes2D/BoundingBoxDebugger_49_a93f006f8e92e8bc61ac.boxes2D.json"}}, {"predictions": {"_type": "boxes2D", "sha256": "3b865a299ef299f21e1c13288b5d417f0fc7c0cc05c0d104b773f006571790aa", "size": 13823, "path": "media/metadata/boxes2D/BoundingBoxDebugger_49_3b865a299ef299f21e1c.boxes2D.json"}}, {"predictions": {"_type": "boxes2D", "sha256": "ad4ff6b98dd5eb9247b5dd1332d2449fc8177a87a38d9ed92415b95db2f0b90d", "size": 8805, "path": "media/metadata/boxes2D/BoundingBoxDebugger_49_ad4ff6b98dd5eb9247b5.boxes2D.json"}}, {"predictions": {"_type": "boxes2D", "sha256": "f56486648587438be6e507971fb46a6308eb0cfe899bfc27f0fb7befe098fd27", "size": 8671, "path": "media/metadata/boxes2D/BoundingBoxDebugger_49_f56486648587438be6e5.boxes2D.json"}}, {"predictions": {"_type": "boxes2D", "sha256": "faf37debba3f454f6ee5b67025a09a756c1c8584deb70648b546025aa07eab18", "size": 7901, "path": "media/metadata/boxes2D/BoundingBoxDebugger_49_faf37debba3f454f6ee5.boxes2D.json"}}, {"predictions": {"_type": "boxes2D", "sha256": "7fa6dc6b7ca56aece6be9a6a3845eda7400cb89b794c9f29984a85c95f777cb9", "size": 11499, "path": "media/metadata/boxes2D/BoundingBoxDebugger_49_7fa6dc6b7ca56aece6be.boxes2D.json"}}, {"predictions": {"_type": "boxes2D", "sha256": "7a667e1d04ff34d498a1251758b3bea0b52646c16a408103ffa1932db4af1b2a", "size": 10217, "path": "media/metadata/boxes2D/BoundingBoxDebugger_49_7a667e1d04ff34d498a1.boxes2D.json"}}, {"predictions": {"_type": "boxes2D", "sha256": "4b25aa3e4285464692348c265fc3105e0103bf724b2d3cc17641e4e12e062197", "size": 8678, "path": "media/metadata/boxes2D/BoundingBoxDebugger_49_4b25aa3e428546469234.boxes2D.json"}}]}}