{"best/epoch": 24, "best/precision": 0.7960417418089992, "best/recall": 0.7435897435897436, "best/mAP_0.5": 0.8161095744532041, "best/mAP_0.5:0.95": 0.6323624461470109, "Labels": {"_type": "images/separated", "width": 1600, "height": 1600, "format": "jpg", "count": 2, "filenames": ["media/images/Labels_0_0c33d1d28f2ceb9bb0e4.jpg", "media/images/Labels_0_6521b0080b7888f708a8.jpg"], "captions": ["labels.jpg", "labels_correlogram.jpg"]}, "Mosaics": {"_type": "images/separated", "width": 1920, "height": 1920, "format": "jpg", "count": 3, "filenames": ["media/images/Mosaics_0_50555bd9d2a59afb2538.jpg", "media/images/Mosaics_0_f1a91e91bf5ccc17c1b6.jpg", "media/images/Mosaics_0_043cfa67643ac781cbdb.jpg"], "captions": ["train_batch0.jpg", "train_batch1.jpg", "train_batch2.jpg"]}, "train/box_loss": 0.027661843225359917, "train/obj_loss": 0.014642246998846531, "train/cls_loss": 0.0, "metrics/precision": 0.7960417418089992, "metrics/recall": 0.7435897435897436, "metrics/mAP_0.5": 0.8161095744532041, "metrics/mAP_0.5:0.95": 0.6323624461470109, "val/box_loss": 0.02665223553776741, "val/obj_loss": 0.005696415435522795, "val/cls_loss": 0.0, "x/lr0": 0.0008919999999999996, "x/lr1": 0.0008919999999999996, "x/lr2": 0.0008919999999999996, "_timestamp": 1668517519.538479, "_runtime": 10051.353131055832, "_step": 24, "BoundingBoxDebugger": {"_type": "images/separated", "width": 672, "height": 672, "format": "png", "count": 16, "filenames": ["media/images/BoundingBoxDebugger_23_d8fb4a2084559e27ae54.png", "media/images/BoundingBoxDebugger_23_808231df3c941c73e6c2.png", "media/images/BoundingBoxDebugger_23_6ba7805403d2e053e0c2.png", "media/images/BoundingBoxDebugger_23_cd90a3f7e9aa3d704091.png", "media/images/BoundingBoxDebugger_23_d39e2cae35bff38d40af.png", "media/images/BoundingBoxDebugger_23_9845287211282da2b861.png", "media/images/BoundingBoxDebugger_23_10eddf49206e45f6dd66.png", "media/images/BoundingBoxDebugger_23_8331bc57052ab7f7847a.png", "media/images/BoundingBoxDebugger_23_e93e820b02c8d113fff9.png", "media/images/BoundingBoxDebugger_23_205d03ace1ebf7aab9e5.png", "media/images/BoundingBoxDebugger_23_d96f5e0157b8c4b58b1f.png", "media/images/BoundingBoxDebugger_23_9391b2ce1fa5c6afff7a.png", "media/images/BoundingBoxDebugger_23_9992bbda5d4bca9257d6.png", "media/images/BoundingBoxDebugger_23_a5a45870bd6b480539ed.png", "media/images/BoundingBoxDebugger_23_d710e3237c53df1b79a0.png", "media/images/BoundingBoxDebugger_23_79027b384320d9d3426e.png"], "captions": ["20221018_133908_jpg.rf.a4e89818a4e807cb21ca6d219ca20551.jpg", "20221018_140217_jpg.rf.094db2b1bdfc58a9f34e46964692a1d3.jpg", "20221018_140118_jpg.rf.989c0b1f941c119da3e461ca1aebddb2.jpg", "20221018_140112_jpg.rf.b4e0ebf1aa837bc9f97879c319a7d794.jpg", "20221018_140020_jpg.rf.c07d6f177dac0eab59acf1a0bb46638d.jpg", "20221018_135945_jpg.rf.716b51f240399d3d574e4f2584064c8d.jpg", "20221018_135802_jpg.rf.e26eacd08ea0ab900cadd6bd60d1746c.jpg", "20221018_135752_jpg.rf.b4c5a21d8e47ef85210a4e60d9aa4fdb.jpg", "20221018_135737_jpg.rf.26d1e0aebf840ee640bc2d42296b034f.jpg", "20221018_135619_jpg.rf.64b8e8094c3782f45bd86ed2af446ebc.jpg", "20221018_135559_jpg.rf.a367e8effa8df355e37e487fa62f83e0.jpg", "20221018_135507_jpg.rf.9d031c4fb76eafee4ced3e20d7d93bda.jpg", "20221018_135453_jpg.rf.1cef602604c0d79a858e1331d2d075d3.jpg", "20221018_135449_jpg.rf.220e17a1380c8480bb8ce59bb6c904c3.jpg", "20221018_135158_jpg.rf.dfb95646757f7fef204ff71c70e261b8.jpg", "20221018_134811_jpg.rf.e8249d4bd07a7fd6b8d8ead61b5b1d03.jpg"], "all_boxes": [{"predictions": {"_type": "boxes2D", "sha256": "79e2259182ee88999be0ea471a1b2e32e6f47b96bacbe61b7bd7916b46cb7502", "size": 18529, "path": "media/metadata/boxes2D/BoundingBoxDebugger_23_79e2259182ee88999be0.boxes2D.json"}}, {"predictions": {"_type": "boxes2D", "sha256": "86858e187b7e1ff2c62f6a86fd63135368332bd3c87290979fc1329a1cdfed7b", "size": 21961, "path": "media/metadata/boxes2D/BoundingBoxDebugger_23_86858e187b7e1ff2c62f.boxes2D.json"}}, {"predictions": {"_type": "boxes2D", "sha256": "e879c8497efc8e87483eccae2198f2df0e1f33bc49db95601da33c76d526759a", "size": 15325, "path": "media/metadata/boxes2D/BoundingBoxDebugger_23_e879c8497efc8e87483e.boxes2D.json"}}, {"predictions": {"_type": "boxes2D", "sha256": "a4f9dd7db76a0553f0a2b2729be8c76ab0299753aa98f9f43ca886031402123c", "size": 21004, "path": "media/metadata/boxes2D/BoundingBoxDebugger_23_a4f9dd7db76a0553f0a2.boxes2D.json"}}, {"predictions": {"_type": "boxes2D", "sha256": "81763ea4f037d6616c7e967ccab64707c175d26f4b7a5a3c21561e4786d8fda7", "size": 17755, "path": "media/metadata/boxes2D/BoundingBoxDebugger_23_81763ea4f037d6616c7e.boxes2D.json"}}, {"predictions": {"_type": "boxes2D", "sha256": "23e5f4e7a7d595782e6ab75f648f53ce68d68ad241fbc88f1f568cbe4a901084", "size": 22191, "path": "media/metadata/boxes2D/BoundingBoxDebugger_23_23e5f4e7a7d595782e6a.boxes2D.json"}}, {"predictions": {"_type": "boxes2D", "sha256": "5dbf21e3bbf742c353b95b537552155dec9c4ddab5f92d4fe744d119b331ff79", "size": 20238, "path": "media/metadata/boxes2D/BoundingBoxDebugger_23_5dbf21e3bbf742c353b9.boxes2D.json"}}, {"predictions": {"_type": "boxes2D", "sha256": "4c848f1d977c77715dcf2a21b8d1405716593727a00a196f07e1db85e54510a5", "size": 31987, "path": "media/metadata/boxes2D/BoundingBoxDebugger_23_4c848f1d977c77715dcf.boxes2D.json"}}, {"predictions": {"_type": "boxes2D", "sha256": "19f07f092435c7321cf66adcc2ec1ec76f666c68d4aba386af1908f5b4e34003", "size": 27885, "path": "media/metadata/boxes2D/BoundingBoxDebugger_23_19f07f092435c7321cf6.boxes2D.json"}}, {"predictions": {"_type": "boxes2D", "sha256": "d642d41691a2e28ef734a34d6f746b03371e1a95c0f1a22047011db7bc553bed", "size": 16461, "path": "media/metadata/boxes2D/BoundingBoxDebugger_23_d642d41691a2e28ef734.boxes2D.json"}}, {"predictions": {"_type": "boxes2D", "sha256": "c873ab6590e2431a130d79306a0c0eb7fa544f50e9493abd045b34d85d76d8c1", "size": 26346, "path": "media/metadata/boxes2D/BoundingBoxDebugger_23_c873ab6590e2431a130d.boxes2D.json"}}, {"predictions": {"_type": "boxes2D", "sha256": "ffbc7a4db6bcfb31289698326b49dae46b66105bdc3c79ce829b556ba6aec96a", "size": 11853, "path": "media/metadata/boxes2D/BoundingBoxDebugger_23_ffbc7a4db6bcfb312896.boxes2D.json"}}, {"predictions": {"_type": "boxes2D", "sha256": "458d82b2a5d41c9c753d6743ebc6a15f97c9d0e2cf44208d2307dcb873a2e2e7", "size": 24657, "path": "media/metadata/boxes2D/BoundingBoxDebugger_23_458d82b2a5d41c9c753d.boxes2D.json"}}, {"predictions": {"_type": "boxes2D", "sha256": "82f9652ecde18907e8c56733cdaa7f74a8747cae1b477f6f7a8116608d12658c", "size": 27883, "path": "media/metadata/boxes2D/BoundingBoxDebugger_23_82f9652ecde18907e8c5.boxes2D.json"}}, {"predictions": {"_type": "boxes2D", "sha256": "9c15e4418b992f08e98f78a1dff25f6a66f01ee2c82c7d35d855a0b47f930762", "size": 30480, "path": "media/metadata/boxes2D/BoundingBoxDebugger_23_9c15e4418b992f08e98f.boxes2D.json"}}, {"predictions": {"_type": "boxes2D", "sha256": "578b8e9f60424a5ed17fc537c70ca543e11010ba585430ff188013c8ccac3eb2", "size": 23390, "path": "media/metadata/boxes2D/BoundingBoxDebugger_23_578b8e9f60424a5ed17f.boxes2D.json"}}]}}