{"best/epoch": 58, "best/precision": 0.91647529882824, "best/recall": 0.7948717948717948, "best/mAP_0.5": 0.8680321740305247, "best/mAP_0.5:0.95": 0.711409675206038, "Labels": {"_type": "images/separated", "width": 1600, "height": 1600, "format": "jpg", "count": 2, "filenames": ["media/images/Labels_0_0c33d1d28f2ceb9bb0e4.jpg", "media/images/Labels_0_6521b0080b7888f708a8.jpg"], "captions": ["labels.jpg", "labels_correlogram.jpg"]}, "Mosaics": {"_type": "images/separated", "width": 960, "height": 960, "format": "jpg", "count": 3, "filenames": ["media/images/Mosaics_0_2650d257f905706e63ad.jpg", "media/images/Mosaics_0_e497539866556f1820ae.jpg", "media/images/Mosaics_0_bce94c4cba44175d9a1d.jpg"], "captions": ["train_batch0.jpg", "train_batch1.jpg", "train_batch2.jpg"]}, "train/box_loss": 0.022412944585084915, "train/obj_loss": 0.012055914849042892, "train/cls_loss": 0.0, "metrics/precision": 0.9676618288637732, "metrics/recall": 0.7673205344438222, "metrics/mAP_0.5": 0.8601648273565349, "metrics/mAP_0.5:0.95": 0.6948287668033378, "val/box_loss": 0.024407383054494858, "val/obj_loss": 0.005940854549407959, "val/cls_loss": 0.0, "x/lr0": 0.0003639999999999995, "x/lr1": 0.0003639999999999995, "x/lr2": 0.0003639999999999995, "_timestamp": 1668688138.4812787, "_runtime": 1167.1472256183624, "_step": 74, "BoundingBoxDebugger": {"_type": "images/separated", "width": 352, "height": 352, "format": "png", "count": 16, "filenames": ["media/images/BoundingBoxDebugger_69_cd951dcd4573d1d10b6d.png", "media/images/BoundingBoxDebugger_69_e8bb3f7accab8a2e770e.png", "media/images/BoundingBoxDebugger_69_eac0ba6795e75b99fab9.png", "media/images/BoundingBoxDebugger_69_21dbd1c756b5cc5578da.png", "media/images/BoundingBoxDebugger_69_5f99e3e6b52940b6533b.png", "media/images/BoundingBoxDebugger_69_40158166f9e5665336a8.png", "media/images/BoundingBoxDebugger_69_e5eca9ceb49c5c08746f.png", "media/images/BoundingBoxDebugger_69_6b9ef9094fcf368b26b0.png", "media/images/BoundingBoxDebugger_69_81289bef7c29c4633b64.png", "media/images/BoundingBoxDebugger_69_f65ad496818736634e29.png", "media/images/BoundingBoxDebugger_69_51528a79ff3b142df368.png", "media/images/BoundingBoxDebugger_69_2991155017ddd23dcea1.png", "media/images/BoundingBoxDebugger_69_d9ecafd5bad1bd17a686.png", "media/images/BoundingBoxDebugger_69_ed6dcbb05d629742dcbb.png", "media/images/BoundingBoxDebugger_69_8e6a446b433e075405f1.png", "media/images/BoundingBoxDebugger_69_98e1d4c89dd529ba02e0.png"], "captions": ["20221018_133908_jpg.rf.a4e89818a4e807cb21ca6d219ca20551.jpg", "20221018_140217_jpg.rf.094db2b1bdfc58a9f34e46964692a1d3.jpg", "20221018_140118_jpg.rf.989c0b1f941c119da3e461ca1aebddb2.jpg", "20221018_140112_jpg.rf.b4e0ebf1aa837bc9f97879c319a7d794.jpg", "20221018_140020_jpg.rf.c07d6f177dac0eab59acf1a0bb46638d.jpg", "20221018_135945_jpg.rf.716b51f240399d3d574e4f2584064c8d.jpg", "20221018_135802_jpg.rf.e26eacd08ea0ab900cadd6bd60d1746c.jpg", "20221018_135752_jpg.rf.b4c5a21d8e47ef85210a4e60d9aa4fdb.jpg", "20221018_135737_jpg.rf.26d1e0aebf840ee640bc2d42296b034f.jpg", "20221018_135619_jpg.rf.64b8e8094c3782f45bd86ed2af446ebc.jpg", "20221018_135559_jpg.rf.a367e8effa8df355e37e487fa62f83e0.jpg", "20221018_135507_jpg.rf.9d031c4fb76eafee4ced3e20d7d93bda.jpg", "20221018_135453_jpg.rf.1cef602604c0d79a858e1331d2d075d3.jpg", "20221018_135449_jpg.rf.220e17a1380c8480bb8ce59bb6c904c3.jpg", "20221018_135158_jpg.rf.dfb95646757f7fef204ff71c70e261b8.jpg", "20221018_134811_jpg.rf.e8249d4bd07a7fd6b8d8ead61b5b1d03.jpg"], "all_boxes": [{"predictions": {"_type": "boxes2D", "sha256": "a44e0cfef2969fd06ce4db0bdd80d29dd825e10a7a5ca802a6b89ebc63bafdf1", "size": 2268, "path": "media/metadata/boxes2D/BoundingBoxDebugger_69_a44e0cfef2969fd06ce4.boxes2D.json"}}, {"predictions": {"_type": "boxes2D", "sha256": "2de914f6d95777fe63f571c5c1c520cec23c3b1f243a595d1520533199fef4c6", "size": 6536, "path": "media/metadata/boxes2D/BoundingBoxDebugger_69_2de914f6d95777fe63f5.boxes2D.json"}}, {"predictions": {"_type": "boxes2D", "sha256": "45fade6885c6d5ea9f23b5257e2855cfea953e94044b94ab56b00fd1dd9a5309", "size": 4872, "path": "media/metadata/boxes2D/BoundingBoxDebugger_69_45fade6885c6d5ea9f23.boxes2D.json"}}, {"predictions": {"_type": "boxes2D", "sha256": "feee65316e7999c5c3ca1e53d08c07947a6e64569438c5dfe77cd7f4c1082dfb", "size": 4865, "path": "media/metadata/boxes2D/BoundingBoxDebugger_69_feee65316e7999c5c3ca.boxes2D.json"}}, {"predictions": {"_type": "boxes2D", "sha256": "c082c309149a14f7fae1984230881f199981fb8aa6bfef05acf2ca3814d03082", "size": 15806, "path": "media/metadata/boxes2D/BoundingBoxDebugger_69_c082c309149a14f7fae1.boxes2D.json"}}, {"predictions": {"_type": "boxes2D", "sha256": "f17f7069ee0a8d9b5fe797946b227daf7bd38c32fbd30b21ced2479af995c992", "size": 2256, "path": "media/metadata/boxes2D/BoundingBoxDebugger_69_f17f7069ee0a8d9b5fe7.boxes2D.json"}}, {"predictions": {"_type": "boxes2D", "sha256": "fc70154f70f120bd01ee6903ca23d0418ec667ec6083b86ffdef73179c8a9ba5", "size": 3441, "path": "media/metadata/boxes2D/BoundingBoxDebugger_69_fc70154f70f120bd01ee.boxes2D.json"}}, {"predictions": {"_type": "boxes2D", "sha256": "be88221ba4f27b271129f699fba26aed15103a9596921571055dfcf2b02af196", "size": 3434, "path": "media/metadata/boxes2D/BoundingBoxDebugger_69_be88221ba4f27b271129.boxes2D.json"}}, {"predictions": {"_type": "boxes2D", "sha256": "8aed792cdadedba8ffa6d2c41b93210cf834ba98ef5ca0346229f850b413c872", "size": 5255, "path": "media/metadata/boxes2D/BoundingBoxDebugger_69_8aed792cdadedba8ffa6.boxes2D.json"}}, {"predictions": {"_type": "boxes2D", "sha256": "ade5a2a010b92aea410972461c15b3899a03db5be585cdc4843b5de21d6f2b8d", "size": 5012, "path": "media/metadata/boxes2D/BoundingBoxDebugger_69_ade5a2a010b92aea4109.boxes2D.json"}}, {"predictions": {"_type": "boxes2D", "sha256": "e44db6e0a4d03f7cb0eeae0757ba6c8f0ce1434d777f5cb680df89abc787db58", "size": 6192, "path": "media/metadata/boxes2D/BoundingBoxDebugger_69_e44db6e0a4d03f7cb0ee.boxes2D.json"}}, {"predictions": {"_type": "boxes2D", "sha256": "2bab5ef8a95debfc7f1746b39ab9dce7319f389585fdfcabf5a7e38dd0e5e388", "size": 3465, "path": "media/metadata/boxes2D/BoundingBoxDebugger_69_2bab5ef8a95debfc7f17.boxes2D.json"}}, {"predictions": {"_type": "boxes2D", "sha256": "0eb9010e2813d44b6527e39a6e94837d0e1586dd3a79588b686cb741c5b2ba47", "size": 4243, "path": "media/metadata/boxes2D/BoundingBoxDebugger_69_0eb9010e2813d44b6527.boxes2D.json"}}, {"predictions": {"_type": "boxes2D", "sha256": "b4b0e541b460ba4de354f49be40f34dbae4bbe79eebdddaf5c5e20c0d0efcc76", "size": 6490, "path": "media/metadata/boxes2D/BoundingBoxDebugger_69_b4b0e541b460ba4de354.boxes2D.json"}}, {"predictions": {"_type": "boxes2D", "sha256": "cd4939f42fbee133ccf37a5b62b71327dbba61d00a5e46a050012c9de7fcff5c", "size": 3472, "path": "media/metadata/boxes2D/BoundingBoxDebugger_69_cd4939f42fbee133ccf3.boxes2D.json"}}, {"predictions": {"_type": "boxes2D", "sha256": "47897d6757eb253896cbcb72a3c425960261e81176d8a2e93efb9d19d2e81ada", "size": 3268, "path": "media/metadata/boxes2D/BoundingBoxDebugger_69_47897d6757eb253896cb.boxes2D.json"}}]}}