{"best/epoch": 9, "best/precision": 0.80411302480268, "best/recall": 0.6153846153846154, "best/mAP_0.5": 0.7007829037936958, "best/mAP_0.5:0.95": 0.39488537249549793, "Labels": {"_type": "images/separated", "width": 1600, "height": 1600, "format": "jpg", "count": 2, "filenames": ["media/images/Labels_0_0c33d1d28f2ceb9bb0e4.jpg", "media/images/Labels_0_6521b0080b7888f708a8.jpg"], "captions": ["labels.jpg", "labels_correlogram.jpg"]}, "Mosaics": {"_type": "images/separated", "width": 960, "height": 960, "format": "jpg", "count": 3, "filenames": ["media/images/Mosaics_0_2650d257f905706e63ad.jpg", "media/images/Mosaics_0_e497539866556f1820ae.jpg", "media/images/Mosaics_0_bce94c4cba44175d9a1d.jpg"], "captions": ["train_batch0.jpg", "train_batch1.jpg", "train_batch2.jpg"]}, "train/box_loss": 0.041348617523908615, "train/obj_loss": 0.02085159346461296, "train/cls_loss": 0.0, "metrics/precision": 0.80411302480268, "metrics/recall": 0.6153846153846154, "metrics/mAP_0.5": 0.7007829037936958, "metrics/mAP_0.5:0.95": 0.39488537249549793, "val/box_loss": 0.040987733751535416, "val/obj_loss": 0.008234351873397827, "val/cls_loss": 0.0, "x/lr0": 0.00208, "x/lr1": 0.00208, "x/lr2": 0.00208, "BoundingBoxDebugger": {"_type": "images/separated", "width": 352, "height": 352, "format": "png", "count": 16, "filenames": ["media/images/BoundingBoxDebugger_9_cd951dcd4573d1d10b6d.png", "media/images/BoundingBoxDebugger_9_e8bb3f7accab8a2e770e.png", "media/images/BoundingBoxDebugger_9_eac0ba6795e75b99fab9.png", "media/images/BoundingBoxDebugger_9_21dbd1c756b5cc5578da.png", "media/images/BoundingBoxDebugger_9_5f99e3e6b52940b6533b.png", "media/images/BoundingBoxDebugger_9_40158166f9e5665336a8.png", "media/images/BoundingBoxDebugger_9_e5eca9ceb49c5c08746f.png", "media/images/BoundingBoxDebugger_9_6b9ef9094fcf368b26b0.png", "media/images/BoundingBoxDebugger_9_81289bef7c29c4633b64.png", "media/images/BoundingBoxDebugger_9_f65ad496818736634e29.png", "media/images/BoundingBoxDebugger_9_51528a79ff3b142df368.png", "media/images/BoundingBoxDebugger_9_2991155017ddd23dcea1.png", "media/images/BoundingBoxDebugger_9_d9ecafd5bad1bd17a686.png", "media/images/BoundingBoxDebugger_9_ed6dcbb05d629742dcbb.png", "media/images/BoundingBoxDebugger_9_8e6a446b433e075405f1.png", "media/images/BoundingBoxDebugger_9_98e1d4c89dd529ba02e0.png"], "captions": ["20221018_133908_jpg.rf.a4e89818a4e807cb21ca6d219ca20551.jpg", "20221018_140217_jpg.rf.094db2b1bdfc58a9f34e46964692a1d3.jpg", "20221018_140118_jpg.rf.989c0b1f941c119da3e461ca1aebddb2.jpg", "20221018_140112_jpg.rf.b4e0ebf1aa837bc9f97879c319a7d794.jpg", "20221018_140020_jpg.rf.c07d6f177dac0eab59acf1a0bb46638d.jpg", "20221018_135945_jpg.rf.716b51f240399d3d574e4f2584064c8d.jpg", "20221018_135802_jpg.rf.e26eacd08ea0ab900cadd6bd60d1746c.jpg", "20221018_135752_jpg.rf.b4c5a21d8e47ef85210a4e60d9aa4fdb.jpg", "20221018_135737_jpg.rf.26d1e0aebf840ee640bc2d42296b034f.jpg", "20221018_135619_jpg.rf.64b8e8094c3782f45bd86ed2af446ebc.jpg", "20221018_135559_jpg.rf.a367e8effa8df355e37e487fa62f83e0.jpg", "20221018_135507_jpg.rf.9d031c4fb76eafee4ced3e20d7d93bda.jpg", "20221018_135453_jpg.rf.1cef602604c0d79a858e1331d2d075d3.jpg", "20221018_135449_jpg.rf.220e17a1380c8480bb8ce59bb6c904c3.jpg", "20221018_135158_jpg.rf.dfb95646757f7fef204ff71c70e261b8.jpg", "20221018_134811_jpg.rf.e8249d4bd07a7fd6b8d8ead61b5b1d03.jpg"], "all_boxes": [{"predictions": {"_type": "boxes2D", "sha256": "a4cd3db455f6975c0fe9df749e7d7edde650ddc27e60cf47814e4b648bc0897e", "size": 60790, "path": "media/metadata/boxes2D/BoundingBoxDebugger_9_a4cd3db455f6975c0fe9.boxes2D.json"}}, {"predictions": {"_type": "boxes2D", "sha256": "f205b3d7d765861bb13537054ebc82f886217373aa661bd0936065c9d7c2368e", "size": 60528, "path": "media/metadata/boxes2D/BoundingBoxDebugger_9_f205b3d7d765861bb135.boxes2D.json"}}, {"predictions": {"_type": "boxes2D", "sha256": "a1ad3d33209485cc6c6ee767f1d118cba9c8f1ba367c2c280cee7d40e1ac3255", "size": 60492, "path": "media/metadata/boxes2D/BoundingBoxDebugger_9_a1ad3d33209485cc6c6e.boxes2D.json"}}, {"predictions": {"_type": "boxes2D", "sha256": "69b55accc284bbb825d1064d2aa336f7924a7f8ca53a68018a9c15fbbbecb0f4", "size": 60543, "path": "media/metadata/boxes2D/BoundingBoxDebugger_9_69b55accc284bbb825d1.boxes2D.json"}}, {"predictions": {"_type": "boxes2D", "sha256": "43d8f34032b0f991f899a156cbf199686d6f99eecf09d293dfe4b60a98d37dd4", "size": 60614, "path": "media/metadata/boxes2D/BoundingBoxDebugger_9_43d8f34032b0f991f899.boxes2D.json"}}, {"predictions": {"_type": "boxes2D", "sha256": "f739d2bc4a1f3c5e65ab198791c2bff1ad7a486c9f8708f08eed93380430d834", "size": 60598, "path": "media/metadata/boxes2D/BoundingBoxDebugger_9_f739d2bc4a1f3c5e65ab.boxes2D.json"}}, {"predictions": {"_type": "boxes2D", "sha256": "e5f1fc783b9fc066a08ca14e9b430f9b56a0da32ab3fb52df9f993fc6c5516d8", "size": 60434, "path": "media/metadata/boxes2D/BoundingBoxDebugger_9_e5f1fc783b9fc066a08c.boxes2D.json"}}, {"predictions": {"_type": "boxes2D", "sha256": "d19fe34e3d8dd14fc79f400725f7cc8daba54cb82d266c16f9799389046694a0", "size": 60225, "path": "media/metadata/boxes2D/BoundingBoxDebugger_9_d19fe34e3d8dd14fc79f.boxes2D.json"}}, {"predictions": {"_type": "boxes2D", "sha256": "8252d589e1cef6015d4f5038c6867f2b71bef46a535c8efeeee6d54675a6c3e3", "size": 60380, "path": "media/metadata/boxes2D/BoundingBoxDebugger_9_8252d589e1cef6015d4f.boxes2D.json"}}, {"predictions": {"_type": "boxes2D", "sha256": "8b357d470eaa117d7dd443fff72aa2a322a41ef6d15b9e9db64542bb9dc3ef64", "size": 60488, "path": "media/metadata/boxes2D/BoundingBoxDebugger_9_8b357d470eaa117d7dd4.boxes2D.json"}}, {"predictions": {"_type": "boxes2D", "sha256": "4906ca52ed7d42d062ff304e385c876bf328c9f47f0ead62c94ea24316150022", "size": 60632, "path": "media/metadata/boxes2D/BoundingBoxDebugger_9_4906ca52ed7d42d062ff.boxes2D.json"}}, {"predictions": {"_type": "boxes2D", "sha256": "3c9ad251a2245e4f64dc47b3c700f1c5cdce073262bac5df38af672f547ddf77", "size": 60386, "path": "media/metadata/boxes2D/BoundingBoxDebugger_9_3c9ad251a2245e4f64dc.boxes2D.json"}}, {"predictions": {"_type": "boxes2D", "sha256": "6ab594d6eff6a0fdec197556a095ab1e6595c88acbff2c0a12d5e53f226e15d6", "size": 60449, "path": "media/metadata/boxes2D/BoundingBoxDebugger_9_6ab594d6eff6a0fdec19.boxes2D.json"}}, {"predictions": {"_type": "boxes2D", "sha256": "79c684fa26e28fd24cfefe43240811a6d71d610bb41cc86a04811f3061c97dc3", "size": 60420, "path": "media/metadata/boxes2D/BoundingBoxDebugger_9_79c684fa26e28fd24cfe.boxes2D.json"}}, {"predictions": {"_type": "boxes2D", "sha256": "ac0b06277a8194ea19884083936122003d35b622193678ecee354f9b179bd66a", "size": 60406, "path": "media/metadata/boxes2D/BoundingBoxDebugger_9_ac0b06277a8194ea1988.boxes2D.json"}}, {"predictions": {"_type": "boxes2D", "sha256": "0e234b90801e9661fa790a38a4c19747695d7149c71f9f51d39ea08f55d0affe", "size": 60387, "path": "media/metadata/boxes2D/BoundingBoxDebugger_9_0e234b90801e9661fa79.boxes2D.json"}}]}, "_timestamp": 1669013114.4014962, "_runtime": 380.95937514305115, "_step": 9}