{"best/epoch": 4, "best/precision": 0.3290264803422699, "best/recall": 0.4652817459835005, "best/mAP_0.5": 0.35801440837305476, "best/mAP_0.5:0.95": 0.12023312588089512, "Labels": {"_type": "images/separated", "width": 1600, "height": 1600, "format": "jpg", "count": 2, "filenames": ["media/images/Labels_0_0c33d1d28f2ceb9bb0e4.jpg", "media/images/Labels_0_6521b0080b7888f708a8.jpg"], "captions": ["labels.jpg", "labels_correlogram.jpg"]}, "Mosaics": {"_type": "images/separated", "width": 1280, "height": 1280, "format": "jpg", "count": 3, "filenames": ["media/images/Mosaics_0_2a0a8a21d9d8adb7d0ad.jpg", "media/images/Mosaics_0_a5bf22c715f82611ef89.jpg", "media/images/Mosaics_0_4bc0f59170a2f9afc030.jpg"], "captions": ["train_batch0.jpg", "train_batch1.jpg", "train_batch2.jpg"]}, "train/box_loss": 0.06883932650089264, "train/obj_loss": 0.0271233431994915, "train/cls_loss": 0.0, "metrics/precision": 0.3290264803422699, "metrics/recall": 0.4652817459835005, "metrics/mAP_0.5": 0.35801440837305476, "metrics/mAP_0.5:0.95": 0.12023312588089512, "val/box_loss": 0.0666215717792511, "val/obj_loss": 0.009791135787963867, "val/cls_loss": 0.0, "x/lr0": 0.0324352, "x/lr1": 0.0014351999999999998, "x/lr2": 0.0014351999999999998, "BoundingBoxDebugger": {"_type": "images/separated", "width": 352, "height": 352, "format": "png", "count": 16, "filenames": ["media/images/BoundingBoxDebugger_4_cd951dcd4573d1d10b6d.png", "media/images/BoundingBoxDebugger_4_e8bb3f7accab8a2e770e.png", "media/images/BoundingBoxDebugger_4_eac0ba6795e75b99fab9.png", "media/images/BoundingBoxDebugger_4_21dbd1c756b5cc5578da.png", "media/images/BoundingBoxDebugger_4_5f99e3e6b52940b6533b.png", "media/images/BoundingBoxDebugger_4_40158166f9e5665336a8.png", "media/images/BoundingBoxDebugger_4_e5eca9ceb49c5c08746f.png", "media/images/BoundingBoxDebugger_4_6b9ef9094fcf368b26b0.png", "media/images/BoundingBoxDebugger_4_81289bef7c29c4633b64.png", "media/images/BoundingBoxDebugger_4_f65ad496818736634e29.png", "media/images/BoundingBoxDebugger_4_51528a79ff3b142df368.png", "media/images/BoundingBoxDebugger_4_2991155017ddd23dcea1.png", "media/images/BoundingBoxDebugger_4_d9ecafd5bad1bd17a686.png", "media/images/BoundingBoxDebugger_4_ed6dcbb05d629742dcbb.png", "media/images/BoundingBoxDebugger_4_8e6a446b433e075405f1.png", "media/images/BoundingBoxDebugger_4_98e1d4c89dd529ba02e0.png"], "captions": ["20221018_133908_jpg.rf.a4e89818a4e807cb21ca6d219ca20551.jpg", "20221018_140217_jpg.rf.094db2b1bdfc58a9f34e46964692a1d3.jpg", "20221018_140118_jpg.rf.989c0b1f941c119da3e461ca1aebddb2.jpg", "20221018_140112_jpg.rf.b4e0ebf1aa837bc9f97879c319a7d794.jpg", "20221018_140020_jpg.rf.c07d6f177dac0eab59acf1a0bb46638d.jpg", "20221018_135945_jpg.rf.716b51f240399d3d574e4f2584064c8d.jpg", "20221018_135802_jpg.rf.e26eacd08ea0ab900cadd6bd60d1746c.jpg", "20221018_135752_jpg.rf.b4c5a21d8e47ef85210a4e60d9aa4fdb.jpg", "20221018_135737_jpg.rf.26d1e0aebf840ee640bc2d42296b034f.jpg", "20221018_135619_jpg.rf.64b8e8094c3782f45bd86ed2af446ebc.jpg", "20221018_135559_jpg.rf.a367e8effa8df355e37e487fa62f83e0.jpg", "20221018_135507_jpg.rf.9d031c4fb76eafee4ced3e20d7d93bda.jpg", "20221018_135453_jpg.rf.1cef602604c0d79a858e1331d2d075d3.jpg", "20221018_135449_jpg.rf.220e17a1380c8480bb8ce59bb6c904c3.jpg", "20221018_135158_jpg.rf.dfb95646757f7fef204ff71c70e261b8.jpg", "20221018_134811_jpg.rf.e8249d4bd07a7fd6b8d8ead61b5b1d03.jpg"], "all_boxes": [{"predictions": {"_type": "boxes2D", "sha256": "72d42339d0e98ef38b61ef791ec695df2cf825ae86920b06bd4af7f9a37d00cd", "size": 59574, "path": "media/metadata/boxes2D/BoundingBoxDebugger_4_72d42339d0e98ef38b61.boxes2D.json"}}, {"predictions": {"_type": "boxes2D", "sha256": "f2599e5117f6a920b066892791e87397692690e5ffdae21dff88563b4989d9cf", "size": 59711, "path": "media/metadata/boxes2D/BoundingBoxDebugger_4_f2599e5117f6a920b066.boxes2D.json"}}, {"predictions": {"_type": "boxes2D", "sha256": "5939186588d232d5b60b62c87f16f7f93a7f5b78c1919945ccbd8e0f61644e3c", "size": 59757, "path": "media/metadata/boxes2D/BoundingBoxDebugger_4_5939186588d232d5b60b.boxes2D.json"}}, {"predictions": {"_type": "boxes2D", "sha256": "743556d15b5b28675fd4df1257bd9df902df74f13fef20d3a376931bfab62c06", "size": 59748, "path": "media/metadata/boxes2D/BoundingBoxDebugger_4_743556d15b5b28675fd4.boxes2D.json"}}, {"predictions": {"_type": "boxes2D", "sha256": "9f379499088e2daaf92a4ee1b7cca5402b990e0d6cf0f6a49b934798132ff6ed", "size": 59601, "path": "media/metadata/boxes2D/BoundingBoxDebugger_4_9f379499088e2daaf92a.boxes2D.json"}}, {"predictions": {"_type": "boxes2D", "sha256": "cfdaa446df785508a4b23909e99d971de064b6a3e0950983ae69613951f8365b", "size": 59715, "path": "media/metadata/boxes2D/BoundingBoxDebugger_4_cfdaa446df785508a4b2.boxes2D.json"}}, {"predictions": {"_type": "boxes2D", "sha256": "1da1ec9f6cc7ef5dbebff711f3d73d818bd28b64b0a1f3c8071907e6abbccbc4", "size": 59792, "path": "media/metadata/boxes2D/BoundingBoxDebugger_4_1da1ec9f6cc7ef5dbebf.boxes2D.json"}}, {"predictions": {"_type": "boxes2D", "sha256": "6f3ba5cf6f7378b9c1f59249e6cd2c88563be9ea2d6994a5346aa03b215841f9", "size": 59576, "path": "media/metadata/boxes2D/BoundingBoxDebugger_4_6f3ba5cf6f7378b9c1f5.boxes2D.json"}}, {"predictions": {"_type": "boxes2D", "sha256": "73609b25a9501cf69e55b6fe3c618c6d239e24015460271726a6782d135f996a", "size": 59617, "path": "media/metadata/boxes2D/BoundingBoxDebugger_4_73609b25a9501cf69e55.boxes2D.json"}}, {"predictions": {"_type": "boxes2D", "sha256": "3e0d59e0531debdb45cf74e743fff0c91342098a7a40f609464311422450ceb2", "size": 59733, "path": "media/metadata/boxes2D/BoundingBoxDebugger_4_3e0d59e0531debdb45cf.boxes2D.json"}}, {"predictions": {"_type": "boxes2D", "sha256": "29b46fbacc4f095b4083c4f00c871ecef998b6cf154e572dc19042c43068b89d", "size": 59673, "path": "media/metadata/boxes2D/BoundingBoxDebugger_4_29b46fbacc4f095b4083.boxes2D.json"}}, {"predictions": {"_type": "boxes2D", "sha256": "1855b11196ef12c73bcc79df258deac50d4bddb32f27918e8adbe8ff31123f15", "size": 59924, "path": "media/metadata/boxes2D/BoundingBoxDebugger_4_1855b11196ef12c73bcc.boxes2D.json"}}, {"predictions": {"_type": "boxes2D", "sha256": "3ee50f71c69d5d5a479a3031a659fb905431b055a33cf3ea24d06a342900aa29", "size": 59827, "path": "media/metadata/boxes2D/BoundingBoxDebugger_4_3ee50f71c69d5d5a479a.boxes2D.json"}}, {"predictions": {"_type": "boxes2D", "sha256": "ae3779c27e835ce50fbf880148a4ed7f38d7da21f224692d1371da59d0c54893", "size": 59663, "path": "media/metadata/boxes2D/BoundingBoxDebugger_4_ae3779c27e835ce50fbf.boxes2D.json"}}, {"predictions": {"_type": "boxes2D", "sha256": "4dc9ce7e4dd91f5cec689893ce376db5d8d0ffeea2f72441e6faa5023e8dbd32", "size": 59738, "path": "media/metadata/boxes2D/BoundingBoxDebugger_4_4dc9ce7e4dd91f5cec68.boxes2D.json"}}, {"predictions": {"_type": "boxes2D", "sha256": "996a9fbf555526983916965b310140220e4ddd3b446b6687ba17f7a118356e41", "size": 59684, "path": "media/metadata/boxes2D/BoundingBoxDebugger_4_996a9fbf555526983916.boxes2D.json"}}]}, "_timestamp": 1668586108.3298602, "_runtime": 240.96869230270386, "_step": 4}