{"best/epoch": 24, "best/precision": 0.8542406598659573, "best/recall": 0.7948717948717948, "best/mAP_0.5": 0.8494139766218876, "best/mAP_0.5:0.95": 0.67471383163977, "Labels": {"_type": "images/separated", "width": 1600, "height": 1600, "format": "jpg", "count": 2, "filenames": ["media/images/Labels_0_0c33d1d28f2ceb9bb0e4.jpg", "media/images/Labels_0_6521b0080b7888f708a8.jpg"], "captions": ["labels.jpg", "labels_correlogram.jpg"]}, "Mosaics": {"_type": "images/separated", "width": 960, "height": 960, "format": "jpg", "count": 3, "filenames": ["media/images/Mosaics_0_2650d257f905706e63ad.jpg", "media/images/Mosaics_0_e497539866556f1820ae.jpg", "media/images/Mosaics_0_bce94c4cba44175d9a1d.jpg"], "captions": ["train_batch0.jpg", "train_batch1.jpg", "train_batch2.jpg"]}, "train/box_loss": 0.023769108578562737, "train/obj_loss": 0.013393417932093143, "train/cls_loss": 0.0, "metrics/precision": 0.8542406598659573, "metrics/recall": 0.7948717948717948, "metrics/mAP_0.5": 0.8494139766218876, "metrics/mAP_0.5:0.95": 0.67471383163977, "val/box_loss": 0.024914391338825226, "val/obj_loss": 0.0058206915855407715, "val/cls_loss": 0.0, "x/lr0": 0.0008919999999999996, "x/lr1": 0.0008919999999999996, "x/lr2": 0.0008919999999999996, "_timestamp": 1668746893.3473902, "_runtime": 1759.464797258377, "_step": 24, "BoundingBoxDebugger": {"_type": "images/separated", "width": 352, "height": 352, "format": "png", "count": 16, "filenames": ["media/images/BoundingBoxDebugger_23_cd951dcd4573d1d10b6d.png", "media/images/BoundingBoxDebugger_23_e8bb3f7accab8a2e770e.png", "media/images/BoundingBoxDebugger_23_eac0ba6795e75b99fab9.png", "media/images/BoundingBoxDebugger_23_21dbd1c756b5cc5578da.png", "media/images/BoundingBoxDebugger_23_5f99e3e6b52940b6533b.png", "media/images/BoundingBoxDebugger_23_40158166f9e5665336a8.png", "media/images/BoundingBoxDebugger_23_e5eca9ceb49c5c08746f.png", "media/images/BoundingBoxDebugger_23_6b9ef9094fcf368b26b0.png", "media/images/BoundingBoxDebugger_23_81289bef7c29c4633b64.png", "media/images/BoundingBoxDebugger_23_f65ad496818736634e29.png", "media/images/BoundingBoxDebugger_23_51528a79ff3b142df368.png", "media/images/BoundingBoxDebugger_23_2991155017ddd23dcea1.png", "media/images/BoundingBoxDebugger_23_d9ecafd5bad1bd17a686.png", "media/images/BoundingBoxDebugger_23_ed6dcbb05d629742dcbb.png", "media/images/BoundingBoxDebugger_23_8e6a446b433e075405f1.png", "media/images/BoundingBoxDebugger_23_98e1d4c89dd529ba02e0.png"], "captions": ["20221018_133908_jpg.rf.a4e89818a4e807cb21ca6d219ca20551.jpg", "20221018_140217_jpg.rf.094db2b1bdfc58a9f34e46964692a1d3.jpg", "20221018_140118_jpg.rf.989c0b1f941c119da3e461ca1aebddb2.jpg", "20221018_140112_jpg.rf.b4e0ebf1aa837bc9f97879c319a7d794.jpg", "20221018_140020_jpg.rf.c07d6f177dac0eab59acf1a0bb46638d.jpg", "20221018_135945_jpg.rf.716b51f240399d3d574e4f2584064c8d.jpg", "20221018_135802_jpg.rf.e26eacd08ea0ab900cadd6bd60d1746c.jpg", "20221018_135752_jpg.rf.b4c5a21d8e47ef85210a4e60d9aa4fdb.jpg", "20221018_135737_jpg.rf.26d1e0aebf840ee640bc2d42296b034f.jpg", "20221018_135619_jpg.rf.64b8e8094c3782f45bd86ed2af446ebc.jpg", "20221018_135559_jpg.rf.a367e8effa8df355e37e487fa62f83e0.jpg", "20221018_135507_jpg.rf.9d031c4fb76eafee4ced3e20d7d93bda.jpg", "20221018_135453_jpg.rf.1cef602604c0d79a858e1331d2d075d3.jpg", "20221018_135449_jpg.rf.220e17a1380c8480bb8ce59bb6c904c3.jpg", "20221018_135158_jpg.rf.dfb95646757f7fef204ff71c70e261b8.jpg", "20221018_134811_jpg.rf.e8249d4bd07a7fd6b8d8ead61b5b1d03.jpg"], "all_boxes": [{"predictions": {"_type": "boxes2D", "sha256": "e279f5d9c0e5bb1986aa0a1f6f5b1b24b8fa9c85e6d23d77b6c658d731be09a0", "size": 20752, "path": "media/metadata/boxes2D/BoundingBoxDebugger_23_e279f5d9c0e5bb1986aa.boxes2D.json"}}, {"predictions": {"_type": "boxes2D", "sha256": "cb01fd88445509c214f2c2793887ef84eb2a0ec1360128217a1f98d8b29052ca", "size": 12143, "path": "media/metadata/boxes2D/BoundingBoxDebugger_23_cb01fd88445509c214f2.boxes2D.json"}}, {"predictions": {"_type": "boxes2D", "sha256": "03d4356df6fbd65ad8cf29e4c550db745433434f695a363655afb6c3298f4c4b", "size": 19963, "path": "media/metadata/boxes2D/BoundingBoxDebugger_23_03d4356df6fbd65ad8cf.boxes2D.json"}}, {"predictions": {"_type": "boxes2D", "sha256": "597a819d21312035e4fd3dd3554e944d27c88986dfcb6e61a775e624dc7ae043", "size": 25225, "path": "media/metadata/boxes2D/BoundingBoxDebugger_23_597a819d21312035e4fd.boxes2D.json"}}, {"predictions": {"_type": "boxes2D", "sha256": "9cb60a327df7c890d94b713c2340ecd88599f35ae78aea8118522e2d604b1edf", "size": 18713, "path": "media/metadata/boxes2D/BoundingBoxDebugger_23_9cb60a327df7c890d94b.boxes2D.json"}}, {"predictions": {"_type": "boxes2D", "sha256": "7cdcfc2c6909fcd68f833715d66d0da8af5c0a8e31cf0d0e1063e6870d002e7e", "size": 14688, "path": "media/metadata/boxes2D/BoundingBoxDebugger_23_7cdcfc2c6909fcd68f83.boxes2D.json"}}, {"predictions": {"_type": "boxes2D", "sha256": "6ff9cb823c3a14d495ec6aa56b9a11ffac2dcb92244927b585f800b331c74311", "size": 22066, "path": "media/metadata/boxes2D/BoundingBoxDebugger_23_6ff9cb823c3a14d495ec.boxes2D.json"}}, {"predictions": {"_type": "boxes2D", "sha256": "02c24dd5ee9b2b29c76efffe5fc3a53d58fc07445a5782b17716503d20913024", "size": 27944, "path": "media/metadata/boxes2D/BoundingBoxDebugger_23_02c24dd5ee9b2b29c76e.boxes2D.json"}}, {"predictions": {"_type": "boxes2D", "sha256": "96d7bfd151b4f678e42fa128abea5e4b3fe2bfa9b850f6bc5dbe22d4f45a7526", "size": 25405, "path": "media/metadata/boxes2D/BoundingBoxDebugger_23_96d7bfd151b4f678e42f.boxes2D.json"}}, {"predictions": {"_type": "boxes2D", "sha256": "b88bf6a7352f8dcc5fda463f52eda7963b9dc06e1ed7291c426c1af48bac2942", "size": 27571, "path": "media/metadata/boxes2D/BoundingBoxDebugger_23_b88bf6a7352f8dcc5fda.boxes2D.json"}}, {"predictions": {"_type": "boxes2D", "sha256": "2d84264c7804e880861bbc9beacbd832d27aa5b6c0f75e055d87d62cfc5326b7", "size": 32477, "path": "media/metadata/boxes2D/BoundingBoxDebugger_23_2d84264c7804e880861b.boxes2D.json"}}, {"predictions": {"_type": "boxes2D", "sha256": "0857d4099a610529553655139d5b041943b725a4d084b1bed7825c3cb3f6fc97", "size": 29155, "path": "media/metadata/boxes2D/BoundingBoxDebugger_23_0857d4099a6105295536.boxes2D.json"}}, {"predictions": {"_type": "boxes2D", "sha256": "b1467bf79e53ffefd5c28efc8680fc9859fcea2f06fa17d4594e4a9046858c37", "size": 29873, "path": "media/metadata/boxes2D/BoundingBoxDebugger_23_b1467bf79e53ffefd5c2.boxes2D.json"}}, {"predictions": {"_type": "boxes2D", "sha256": "9e60216be3b5cff339ad96d2023e45cf48bd98b724ce7e54c220a770a0d98f17", "size": 32197, "path": "media/metadata/boxes2D/BoundingBoxDebugger_23_9e60216be3b5cff339ad.boxes2D.json"}}, {"predictions": {"_type": "boxes2D", "sha256": "53ba57c6e013b2070c1c7682d0db02871caa55755d023802151353286632f9e3", "size": 24889, "path": "media/metadata/boxes2D/BoundingBoxDebugger_23_53ba57c6e013b2070c1c.boxes2D.json"}}, {"predictions": {"_type": "boxes2D", "sha256": "bd87ca44805b1b9d0d29eb52b5d1d869e100286bef74602fe2e25915810e0f7f", "size": 16098, "path": "media/metadata/boxes2D/BoundingBoxDebugger_23_bd87ca44805b1b9d0d29.boxes2D.json"}}]}, "_wandb": {"runtime": 1767}}