{"best/epoch": 9, "best/precision": 0.8928903451891957, "best/recall": 0.6666666666666666, "best/mAP_0.5": 0.7196577251245247, "best/mAP_0.5:0.95": 0.5151309492722824, "Labels": {"_type": "images/separated", "width": 1600, "height": 1600, "format": "jpg", "count": 2, "filenames": ["media/images/Labels_0_0c33d1d28f2ceb9bb0e4.jpg", "media/images/Labels_0_6521b0080b7888f708a8.jpg"], "captions": ["labels.jpg", "labels_correlogram.jpg"]}, "Mosaics": {"_type": "images/separated", "width": 960, "height": 960, "format": "jpg", "count": 3, "filenames": ["media/images/Mosaics_0_2650d257f905706e63ad.jpg", "media/images/Mosaics_0_e497539866556f1820ae.jpg", "media/images/Mosaics_0_bce94c4cba44175d9a1d.jpg"], "captions": ["train_batch0.jpg", "train_batch1.jpg", "train_batch2.jpg"]}, "train/box_loss": 0.03702381253242493, "train/obj_loss": 0.018707137554883957, "train/cls_loss": 0.0, "metrics/precision": 0.8928903451891957, "metrics/recall": 0.6666666666666666, "metrics/mAP_0.5": 0.7196577251245247, "metrics/mAP_0.5:0.95": 0.5151309492722824, "val/box_loss": 0.03718122839927673, "val/obj_loss": 0.007070332765579224, "val/cls_loss": 0.0, "x/lr0": 0.00208, "x/lr1": 0.00208, "x/lr2": 0.00208, "BoundingBoxDebugger": {"_type": "images/separated", "width": 352, "height": 352, "format": "png", "count": 16, "filenames": ["media/images/BoundingBoxDebugger_9_cd951dcd4573d1d10b6d.png", "media/images/BoundingBoxDebugger_9_e8bb3f7accab8a2e770e.png", "media/images/BoundingBoxDebugger_9_eac0ba6795e75b99fab9.png", "media/images/BoundingBoxDebugger_9_21dbd1c756b5cc5578da.png", "media/images/BoundingBoxDebugger_9_5f99e3e6b52940b6533b.png", "media/images/BoundingBoxDebugger_9_40158166f9e5665336a8.png", "media/images/BoundingBoxDebugger_9_e5eca9ceb49c5c08746f.png", "media/images/BoundingBoxDebugger_9_6b9ef9094fcf368b26b0.png", "media/images/BoundingBoxDebugger_9_81289bef7c29c4633b64.png", "media/images/BoundingBoxDebugger_9_f65ad496818736634e29.png", "media/images/BoundingBoxDebugger_9_51528a79ff3b142df368.png", "media/images/BoundingBoxDebugger_9_2991155017ddd23dcea1.png", "media/images/BoundingBoxDebugger_9_d9ecafd5bad1bd17a686.png", "media/images/BoundingBoxDebugger_9_ed6dcbb05d629742dcbb.png", "media/images/BoundingBoxDebugger_9_8e6a446b433e075405f1.png", "media/images/BoundingBoxDebugger_9_98e1d4c89dd529ba02e0.png"], "captions": ["20221018_133908_jpg.rf.a4e89818a4e807cb21ca6d219ca20551.jpg", "20221018_140217_jpg.rf.094db2b1bdfc58a9f34e46964692a1d3.jpg", "20221018_140118_jpg.rf.989c0b1f941c119da3e461ca1aebddb2.jpg", "20221018_140112_jpg.rf.b4e0ebf1aa837bc9f97879c319a7d794.jpg", "20221018_140020_jpg.rf.c07d6f177dac0eab59acf1a0bb46638d.jpg", "20221018_135945_jpg.rf.716b51f240399d3d574e4f2584064c8d.jpg", "20221018_135802_jpg.rf.e26eacd08ea0ab900cadd6bd60d1746c.jpg", "20221018_135752_jpg.rf.b4c5a21d8e47ef85210a4e60d9aa4fdb.jpg", "20221018_135737_jpg.rf.26d1e0aebf840ee640bc2d42296b034f.jpg", "20221018_135619_jpg.rf.64b8e8094c3782f45bd86ed2af446ebc.jpg", "20221018_135559_jpg.rf.a367e8effa8df355e37e487fa62f83e0.jpg", "20221018_135507_jpg.rf.9d031c4fb76eafee4ced3e20d7d93bda.jpg", "20221018_135453_jpg.rf.1cef602604c0d79a858e1331d2d075d3.jpg", "20221018_135449_jpg.rf.220e17a1380c8480bb8ce59bb6c904c3.jpg", "20221018_135158_jpg.rf.dfb95646757f7fef204ff71c70e261b8.jpg", "20221018_134811_jpg.rf.e8249d4bd07a7fd6b8d8ead61b5b1d03.jpg"], "all_boxes": [{"predictions": {"_type": "boxes2D", "sha256": "f2112575206be38b768e204f5437632327d2677eb8980ec81e2b86b63cbefa70", "size": 60505, "path": "media/metadata/boxes2D/BoundingBoxDebugger_9_f2112575206be38b768e.boxes2D.json"}}, {"predictions": {"_type": "boxes2D", "sha256": "0c432d75838d2d4c305a237f453c7ea733533208eac191bbc3a9fdef9bc67144", "size": 60565, "path": "media/metadata/boxes2D/BoundingBoxDebugger_9_0c432d75838d2d4c305a.boxes2D.json"}}, {"predictions": {"_type": "boxes2D", "sha256": "c276277e6e08271112aa3068aae750b85ef727ccb5105b1073c89d73915d12cf", "size": 60520, "path": "media/metadata/boxes2D/BoundingBoxDebugger_9_c276277e6e08271112aa.boxes2D.json"}}, {"predictions": {"_type": "boxes2D", "sha256": "2545f8536ea20118e74ab28cc3e283297d6d9a27aa45d84a428369a52caa1120", "size": 60438, "path": "media/metadata/boxes2D/BoundingBoxDebugger_9_2545f8536ea20118e74a.boxes2D.json"}}, {"predictions": {"_type": "boxes2D", "sha256": "cfc17dff6152e1c6b565d9cf41dc9760abbad7621c71f8701d75e00db33cf2d7", "size": 60522, "path": "media/metadata/boxes2D/BoundingBoxDebugger_9_cfc17dff6152e1c6b565.boxes2D.json"}}, {"predictions": {"_type": "boxes2D", "sha256": "c09b20318a25b82426d467367c72392d785007d2a1d51f8ca74a3a59d1bcb00d", "size": 60625, "path": "media/metadata/boxes2D/BoundingBoxDebugger_9_c09b20318a25b82426d4.boxes2D.json"}}, {"predictions": {"_type": "boxes2D", "sha256": "57674b9ea23d68696d161d727074afbdd74bee7b47e02f60b20abd0fa575c406", "size": 60406, "path": "media/metadata/boxes2D/BoundingBoxDebugger_9_57674b9ea23d68696d16.boxes2D.json"}}, {"predictions": {"_type": "boxes2D", "sha256": "952f07c6e254599d4f15b43b03170fd2b2df7192d6fe5b5723d49bb5b8936df1", "size": 60388, "path": "media/metadata/boxes2D/BoundingBoxDebugger_9_952f07c6e254599d4f15.boxes2D.json"}}, {"predictions": {"_type": "boxes2D", "sha256": "1f285c6522c2d1585076ceb965e7302e361c1d40297c3c84fa3be89c6675f0a7", "size": 60405, "path": "media/metadata/boxes2D/BoundingBoxDebugger_9_1f285c6522c2d1585076.boxes2D.json"}}, {"predictions": {"_type": "boxes2D", "sha256": "61a193488bace09e03fbec930c2f836a2ac93aa50f47de9d94bce4b1c01bb130", "size": 60593, "path": "media/metadata/boxes2D/BoundingBoxDebugger_9_61a193488bace09e03fb.boxes2D.json"}}, {"predictions": {"_type": "boxes2D", "sha256": "bd2e385a4813bd719bdafd1ae99a1005a8fc214d89a7e3e4a882c520a85206d5", "size": 60447, "path": "media/metadata/boxes2D/BoundingBoxDebugger_9_bd2e385a4813bd719bda.boxes2D.json"}}, {"predictions": {"_type": "boxes2D", "sha256": "74a1542273afa47b5bec2e99b51fd0d1828f259b079764b256836e4ecba97301", "size": 60495, "path": "media/metadata/boxes2D/BoundingBoxDebugger_9_74a1542273afa47b5bec.boxes2D.json"}}, {"predictions": {"_type": "boxes2D", "sha256": "5cb2c2ce26f461a85ac4ba8f10383d162d72a977291cdf4f2a4c4e161e51299f", "size": 60429, "path": "media/metadata/boxes2D/BoundingBoxDebugger_9_5cb2c2ce26f461a85ac4.boxes2D.json"}}, {"predictions": {"_type": "boxes2D", "sha256": "7a9dd97ececaa00d043c125eec83ed7e545d820a075a345ba03c00031bfa535f", "size": 60546, "path": "media/metadata/boxes2D/BoundingBoxDebugger_9_7a9dd97ececaa00d043c.boxes2D.json"}}, {"predictions": {"_type": "boxes2D", "sha256": "92bd326e5ba7f14a68acc94707fe7a022e22c021bd5842b5905c364fa63fbf92", "size": 60345, "path": "media/metadata/boxes2D/BoundingBoxDebugger_9_92bd326e5ba7f14a68ac.boxes2D.json"}}, {"predictions": {"_type": "boxes2D", "sha256": "4139481f778e3ac3d21dcce3c3f3859cc1dfae98273d283420a5c690b24517d5", "size": 60416, "path": "media/metadata/boxes2D/BoundingBoxDebugger_9_4139481f778e3ac3d21d.boxes2D.json"}}]}, "_timestamp": 1668659982.8584192, "_runtime": 733.9321711063385, "_step": 9, "_wandb": {"runtime": 740}}