{"best/epoch": 44, "best/precision": 0.9257075657368912, "best/recall": 0.7435897435897436, "best/mAP_0.5": 0.8336574396266783, "best/mAP_0.5:0.95": 0.6245816199406998, "Labels": {"_type": "images/separated", "width": 1600, "height": 1600, "format": "jpg", "count": 2, "filenames": ["media/images/Labels_0_0c33d1d28f2ceb9bb0e4.jpg", "media/images/Labels_0_6521b0080b7888f708a8.jpg"], "captions": ["labels.jpg", "labels_correlogram.jpg"]}, "Mosaics": {"_type": "images/separated", "width": 960, "height": 960, "format": "jpg", "count": 3, "filenames": ["media/images/Mosaics_0_2650d257f905706e63ad.jpg", "media/images/Mosaics_0_e497539866556f1820ae.jpg", "media/images/Mosaics_0_bce94c4cba44175d9a1d.jpg"], "captions": ["train_batch0.jpg", "train_batch1.jpg", "train_batch2.jpg"]}, "train/box_loss": 0.025205396115779877, "train/obj_loss": 0.012968478724360466, "train/cls_loss": 0.0, "metrics/precision": 0.8584725173777462, "metrics/recall": 0.7435897435897436, "metrics/mAP_0.5": 0.8076108552644886, "metrics/mAP_0.5:0.95": 0.5958989647400313, "val/box_loss": 0.02811511605978012, "val/obj_loss": 0.0072769224643707275, "val/cls_loss": 0.0, "x/lr0": 0.0004960000000000005, "x/lr1": 0.0004960000000000005, "x/lr2": 0.0004960000000000005, "_timestamp": 1668688990.5476654, "_runtime": 831.3344912528992, "_step": 49, "BoundingBoxDebugger": {"_type": "images/separated", "width": 352, "height": 352, "format": "png", "count": 16, "filenames": ["media/images/BoundingBoxDebugger_49_cd951dcd4573d1d10b6d.png", "media/images/BoundingBoxDebugger_49_e8bb3f7accab8a2e770e.png", "media/images/BoundingBoxDebugger_49_eac0ba6795e75b99fab9.png", "media/images/BoundingBoxDebugger_49_21dbd1c756b5cc5578da.png", "media/images/BoundingBoxDebugger_49_5f99e3e6b52940b6533b.png", "media/images/BoundingBoxDebugger_49_40158166f9e5665336a8.png", "media/images/BoundingBoxDebugger_49_e5eca9ceb49c5c08746f.png", "media/images/BoundingBoxDebugger_49_6b9ef9094fcf368b26b0.png", "media/images/BoundingBoxDebugger_49_81289bef7c29c4633b64.png", "media/images/BoundingBoxDebugger_49_f65ad496818736634e29.png", "media/images/BoundingBoxDebugger_49_51528a79ff3b142df368.png", "media/images/BoundingBoxDebugger_49_2991155017ddd23dcea1.png", "media/images/BoundingBoxDebugger_49_d9ecafd5bad1bd17a686.png", "media/images/BoundingBoxDebugger_49_ed6dcbb05d629742dcbb.png", "media/images/BoundingBoxDebugger_49_8e6a446b433e075405f1.png", "media/images/BoundingBoxDebugger_49_98e1d4c89dd529ba02e0.png"], "captions": ["20221018_133908_jpg.rf.a4e89818a4e807cb21ca6d219ca20551.jpg", "20221018_140217_jpg.rf.094db2b1bdfc58a9f34e46964692a1d3.jpg", "20221018_140118_jpg.rf.989c0b1f941c119da3e461ca1aebddb2.jpg", "20221018_140112_jpg.rf.b4e0ebf1aa837bc9f97879c319a7d794.jpg", "20221018_140020_jpg.rf.c07d6f177dac0eab59acf1a0bb46638d.jpg", "20221018_135945_jpg.rf.716b51f240399d3d574e4f2584064c8d.jpg", "20221018_135802_jpg.rf.e26eacd08ea0ab900cadd6bd60d1746c.jpg", "20221018_135752_jpg.rf.b4c5a21d8e47ef85210a4e60d9aa4fdb.jpg", "20221018_135737_jpg.rf.26d1e0aebf840ee640bc2d42296b034f.jpg", "20221018_135619_jpg.rf.64b8e8094c3782f45bd86ed2af446ebc.jpg", "20221018_135559_jpg.rf.a367e8effa8df355e37e487fa62f83e0.jpg", "20221018_135507_jpg.rf.9d031c4fb76eafee4ced3e20d7d93bda.jpg", "20221018_135453_jpg.rf.1cef602604c0d79a858e1331d2d075d3.jpg", "20221018_135449_jpg.rf.220e17a1380c8480bb8ce59bb6c904c3.jpg", "20221018_135158_jpg.rf.dfb95646757f7fef204ff71c70e261b8.jpg", "20221018_134811_jpg.rf.e8249d4bd07a7fd6b8d8ead61b5b1d03.jpg"], "all_boxes": [{"predictions": {"_type": "boxes2D", "sha256": "bb1a87e2e2c83f04ade36ae74037f7f384dc06d7254c5b3652171864a52f7d95", "size": 2669, "path": "media/metadata/boxes2D/BoundingBoxDebugger_49_bb1a87e2e2c83f04ade3.boxes2D.json"}}, {"predictions": {"_type": "boxes2D", "sha256": "6884d4f9229821593201990502362ab5a2f0284a666fd247b41a0bda0abdd8f0", "size": 5282, "path": "media/metadata/boxes2D/BoundingBoxDebugger_49_6884d4f9229821593201.boxes2D.json"}}, {"predictions": {"_type": "boxes2D", "sha256": "c91bb48ef7eacc6ba30196fd756d1ab734256ad50b4ef372989e5f79190156b8", "size": 7906, "path": "media/metadata/boxes2D/BoundingBoxDebugger_49_c91bb48ef7eacc6ba301.boxes2D.json"}}, {"predictions": {"_type": "boxes2D", "sha256": "a3dcb96377d335b0a8f933be0cf4b25f63a1bd1a1c79a82e865391fea16a595f", "size": 21512, "path": "media/metadata/boxes2D/BoundingBoxDebugger_49_a3dcb96377d335b0a8f9.boxes2D.json"}}, {"predictions": {"_type": "boxes2D", "sha256": "cc9613110489e4ab7ab1a120b11a7abf4c748218bbf9e5d32cec62bb4a27a6c4", "size": 9720, "path": "media/metadata/boxes2D/BoundingBoxDebugger_49_cc9613110489e4ab7ab1.boxes2D.json"}}, {"predictions": {"_type": "boxes2D", "sha256": "2e02aaa3040353f1280c5cd31e63719f4aa582b7cd7a0cb06eaa86a0cf32e781", "size": 3056, "path": "media/metadata/boxes2D/BoundingBoxDebugger_49_2e02aaa3040353f1280c.boxes2D.json"}}, {"predictions": {"_type": "boxes2D", "sha256": "caa0417f34a3673074fd988e2e94b6e91e722cac55c63dcaac52801f75d9028e", "size": 5021, "path": "media/metadata/boxes2D/BoundingBoxDebugger_49_caa0417f34a3673074fd.boxes2D.json"}}, {"predictions": {"_type": "boxes2D", "sha256": "0f5d88573e8e1666a432e016474ee0cc3841467ce56336e2b5efeeefe1aea08f", "size": 11139, "path": "media/metadata/boxes2D/BoundingBoxDebugger_49_0f5d88573e8e1666a432.boxes2D.json"}}, {"predictions": {"_type": "boxes2D", "sha256": "5ff7e33c56da6e1693db5c18cf188ba349a6b7f188b79caaf154227279bb8405", "size": 14132, "path": "media/metadata/boxes2D/BoundingBoxDebugger_49_5ff7e33c56da6e1693db.boxes2D.json"}}, {"predictions": {"_type": "boxes2D", "sha256": "fd5e721d5ad580638a7645232da04c76240e3e20be32c5945bec01efffc0f79a", "size": 5620, "path": "media/metadata/boxes2D/BoundingBoxDebugger_49_fd5e721d5ad580638a76.boxes2D.json"}}, {"predictions": {"_type": "boxes2D", "sha256": "91f50c1f901a2bcfd55ff7ae6318cbf4ebf080fd332fca3b5882eb634d40e66e", "size": 7228, "path": "media/metadata/boxes2D/BoundingBoxDebugger_49_91f50c1f901a2bcfd55f.boxes2D.json"}}, {"predictions": {"_type": "boxes2D", "sha256": "2bc98775f2f45960ca51b5e98a08e4f83863eda2cba1d1382dad03071aa2e1fb", "size": 4424, "path": "media/metadata/boxes2D/BoundingBoxDebugger_49_2bc98775f2f45960ca51.boxes2D.json"}}, {"predictions": {"_type": "boxes2D", "sha256": "f3082b5beeb8061fb4dbc6d220d4c6ae11db317df606631dbf90281701979ff6", "size": 8484, "path": "media/metadata/boxes2D/BoundingBoxDebugger_49_f3082b5beeb8061fb4db.boxes2D.json"}}, {"predictions": {"_type": "boxes2D", "sha256": "58361c91573e53d907ae644561668dab71404956b86953973c9d349aa38f981f", "size": 9548, "path": "media/metadata/boxes2D/BoundingBoxDebugger_49_58361c91573e53d907ae.boxes2D.json"}}, {"predictions": {"_type": "boxes2D", "sha256": "ce155392972d4f352f595445687e5be4f666c4283a233ce898232da3c253ff29", "size": 7105, "path": "media/metadata/boxes2D/BoundingBoxDebugger_49_ce155392972d4f352f59.boxes2D.json"}}, {"predictions": {"_type": "boxes2D", "sha256": "6449791c73837d8c30753fc52069e3679d121bd7f6994240a3cc75055994e3df", "size": 15441, "path": "media/metadata/boxes2D/BoundingBoxDebugger_49_6449791c73837d8c3075.boxes2D.json"}}]}}