{"box_data": [{"position": {"minX": 32.997100830078125, "minY": 314.6553955078125, "maxX": 645.4112548828125, "maxY": 541.363525390625}, "class_id": 0, "box_caption": "Wooden-Pallet 0.937", "scores": {"class_score": 0.9374628067016602}, "domain": "pixel"}, {"position": {"minX": 26.859893798828125, "minY": 280.3980712890625, "maxX": 648.155517578125, "maxY": 419.8055419921875}, "class_id": 0, "box_caption": "Wooden-Pallet 0.002", "scores": {"class_score": 0.0015505769988521934}, "domain": "pixel"}, {"position": {"minX": 537.9508666992188, "minY": 321.206787109375, "maxX": 656.9133911132812, "maxY": 376.15673828125}, "class_id": 0, "box_caption": "Wooden-Pallet 0.001", "scores": {"class_score": 0.0011521244887262583}, "domain": "pixel"}], "class_labels": {"0": "Wooden-Pallet"}}