{"box_data": [{"position": {"minX": 71.87881469726562, "minY": 144.99520874023438, "maxX": 522.8524169921875, "maxY": 383.5789489746094}, "class_id": 0, "box_caption": "Wooden-Pallet 0.922", "scores": {"class_score": 0.9221164584159851}, "domain": "pixel"}, {"position": {"minX": 659.8156127929688, "minY": 339.46697998046875, "maxX": 671.4234008789062, "maxY": 434.05499267578125}, "class_id": 0, "box_caption": "Wooden-Pallet 0.001", "scores": {"class_score": 0.0013142656534910202}, "domain": "pixel"}, {"position": {"minX": 659.7919921875, "minY": 228.82101440429688, "maxX": 671.37109375, "maxY": 322.8614196777344}, "class_id": 0, "box_caption": "Wooden-Pallet 0.001", "scores": {"class_score": 0.0010059151099994779}, "domain": "pixel"}], "class_labels": {"0": "Wooden-Pallet"}}