{"box_data": [{"position": {"minX": 37.1005859375, "minY": 377.80938720703125, "maxX": 645.6761474609375, "maxY": 636.11376953125}, "class_id": 0, "box_caption": "Wooden-Pallet 0.945", "scores": {"class_score": 0.9451134204864502}, "domain": "pixel"}, {"position": {"minX": 22.838775634765625, "minY": 133.52352905273438, "maxX": 642.47021484375, "maxY": 419.6479187011719}, "class_id": 0, "box_caption": "Wooden-Pallet 0.005", "scores": {"class_score": 0.004918364342302084}, "domain": "pixel"}, {"position": {"minX": 62.13511657714844, "minY": 390.78570556640625, "maxX": 289.21966552734375, "maxY": 441.089111328125}, "class_id": 0, "box_caption": "Wooden-Pallet 0.004", "scores": {"class_score": 0.004126226995140314}, "domain": "pixel"}, {"position": {"minX": 33.24578857421875, "minY": 377.102294921875, "maxX": 647.5927124023438, "maxY": 513.301025390625}, "class_id": 0, "box_caption": "Wooden-Pallet 0.003", "scores": {"class_score": 0.00335521437227726}, "domain": "pixel"}], "class_labels": {"0": "Wooden-Pallet"}}