{"box_data": [{"position": {"minX": 23.67352294921875, "minY": 358.612060546875, "maxX": 638.5467529296875, "maxY": 557.1469116210938}, "class_id": 0, "box_caption": "Wooden-Pallet 0.916", "scores": {"class_score": 0.9161778092384338}, "domain": "pixel"}, {"position": {"minX": 521.7037353515625, "minY": 35.488677978515625, "maxX": 642.386962890625, "maxY": 366.9234313964844}, "class_id": 0, "box_caption": "Wooden-Pallet 0.002", "scores": {"class_score": 0.0018105265917256474}, "domain": "pixel"}, {"position": {"minX": 463.9144592285156, "minY": 6.6061859130859375, "maxX": 699.6968383789062, "maxY": 396.86322021484375}, "class_id": 0, "box_caption": "Wooden-Pallet 0.002", "scores": {"class_score": 0.0015516700223088264}, "domain": "pixel"}, {"position": {"minX": -4.491455078125, "minY": 200.9070587158203, "maxX": 670.693603515625, "maxY": 474.557373046875}, "class_id": 0, "box_caption": "Wooden-Pallet 0.001", "scores": {"class_score": 0.00149539636913687}, "domain": "pixel"}], "class_labels": {"0": "Wooden-Pallet"}}