{"box_data": [{"position": {"minX": 119.3583984375, "minY": 372.311279296875, "maxX": 558.5111694335938, "maxY": 502.3468017578125}, "class_id": 0, "box_caption": "Wooden-Pallet 0.946", "scores": {"class_score": 0.9457377195358276}, "domain": "pixel"}, {"position": {"minX": 92.49365234375, "minY": 181.31982421875, "maxX": 193.4302978515625, "maxY": 291.2398681640625}, "class_id": 0, "box_caption": "Wooden-Pallet 0.004", "scores": {"class_score": 0.0035076455678790808}, "domain": "pixel"}, {"position": {"minX": 124.94454956054688, "minY": 372.7301940917969, "maxX": 352.14630126953125, "maxY": 490.1213073730469}, "class_id": 0, "box_caption": "Wooden-Pallet 0.002", "scores": {"class_score": 0.001792933908291161}, "domain": "pixel"}], "class_labels": {"0": "Wooden-Pallet"}}