{"box_data": [{"position": {"minX": 65.72265625, "minY": 386.9631042480469, "maxX": 658.8663330078125, "maxY": 551.9138793945312}, "class_id": 0, "box_caption": "Wooden-Pallet 0.177", "scores": {"class_score": 0.17665913701057434}, "domain": "pixel"}, {"position": {"minX": 13.055755615234375, "minY": 12.941319465637207, "maxX": 91.61732482910156, "maxY": 33.691646575927734}, "class_id": 0, "box_caption": "Wooden-Pallet 0.006", "scores": {"class_score": 0.006306415889412165}, "domain": "pixel"}, {"position": {"minX": 89.849853515625, "minY": 496.3233642578125, "maxX": 634.852294921875, "maxY": 653.799560546875}, "class_id": 0, "box_caption": "Wooden-Pallet 0.002", "scores": {"class_score": 0.0015536010032519698}, "domain": "pixel"}], "class_labels": {"0": "Wooden-Pallet"}}