{"box_data": [{"position": {"minX": 78.60533142089844, "minY": 137.057373046875, "maxX": 522.1687622070312, "maxY": 375.97210693359375}, "class_id": 0, "box_caption": "Wooden-Pallet 0.791", "scores": {"class_score": 0.7907020449638367}, "domain": "pixel"}, {"position": {"minX": 310.3299865722656, "minY": 185.01609802246094, "maxX": 518.563232421875, "maxY": 339.16168212890625}, "class_id": 0, "box_caption": "Wooden-Pallet 0.002", "scores": {"class_score": 0.0017640942241996527}, "domain": "pixel"}, {"position": {"minX": 26.693450927734375, "minY": 495.6737365722656, "maxX": 571.779296875, "maxY": 678.1380615234375}, "class_id": 0, "box_caption": "Wooden-Pallet 0.002", "scores": {"class_score": 0.00169949431437999}, "domain": "pixel"}, {"position": {"minX": -1.2739109992980957, "minY": 6.8551025390625, "maxX": 13.597620010375977, "maxY": 79.50126647949219}, "class_id": 0, "box_caption": "Wooden-Pallet 0.001", "scores": {"class_score": 0.001129307085648179}, "domain": "pixel"}], "class_labels": {"0": "Wooden-Pallet"}}