{"box_data": [{"position": {"minX": 116.50526428222656, "minY": 370.33612060546875, "maxX": 561.8842163085938, "maxY": 500.04803466796875}, "class_id": 0, "box_caption": "Wooden-Pallet 0.949", "scores": {"class_score": 0.9493349194526672}, "domain": "pixel"}, {"position": {"minX": 93.1038818359375, "minY": 180.62936401367188, "maxX": 193.17355346679688, "maxY": 291.7812194824219}, "class_id": 0, "box_caption": "Wooden-Pallet 0.002", "scores": {"class_score": 0.002017368096858263}, "domain": "pixel"}, {"position": {"minX": 126.2120590209961, "minY": 372.5299987792969, "maxX": 352.0223083496094, "maxY": 489.4320373535156}, "class_id": 0, "box_caption": "Wooden-Pallet 0.001", "scores": {"class_score": 0.0014987835893407464}, "domain": "pixel"}], "class_labels": {"0": "Wooden-Pallet"}}