{"box_data": [{"position": {"minX": 58.26361083984375, "minY": 370.721923828125, "maxX": 635.4156494140625, "maxY": 633.9152221679688}, "class_id": 0, "box_caption": "Wooden-Pallet 0.942", "scores": {"class_score": 0.9421805143356323}, "domain": "pixel"}, {"position": {"minX": 25.153533935546875, "minY": 105.82691955566406, "maxX": 629.952392578125, "maxY": 400.49932861328125}, "class_id": 0, "box_caption": "Wooden-Pallet 0.003", "scores": {"class_score": 0.0027992355171591043}, "domain": "pixel"}, {"position": {"minX": 36.941162109375, "minY": 371.6534118652344, "maxX": 648.688720703125, "maxY": 518.122314453125}, "class_id": 0, "box_caption": "Wooden-Pallet 0.002", "scores": {"class_score": 0.0022576013579964638}, "domain": "pixel"}], "class_labels": {"0": "Wooden-Pallet"}}