{"box_data": [{"position": {"minX": 34.69244384765625, "minY": 372.18060302734375, "maxX": 640.947265625, "maxY": 638.8486328125}, "class_id": 0, "box_caption": "Wooden-Pallet 0.941", "scores": {"class_score": 0.940902829170227}, "domain": "pixel"}, {"position": {"minX": 31.100189208984375, "minY": 374.04803466796875, "maxX": 644.872802734375, "maxY": 507.90869140625}, "class_id": 0, "box_caption": "Wooden-Pallet 0.004", "scores": {"class_score": 0.004302511923015118}, "domain": "pixel"}, {"position": {"minX": 64.14417266845703, "minY": 392.686279296875, "maxX": 287.6075439453125, "maxY": 438.06732177734375}, "class_id": 0, "box_caption": "Wooden-Pallet 0.004", "scores": {"class_score": 0.004079943988472223}, "domain": "pixel"}, {"position": {"minX": 17.236968994140625, "minY": 130.46067810058594, "maxX": 647.1212158203125, "maxY": 418.1494140625}, "class_id": 0, "box_caption": "Wooden-Pallet 0.003", "scores": {"class_score": 0.0029157239478081465}, "domain": "pixel"}], "class_labels": {"0": "Wooden-Pallet"}}