{"box_data": [{"position": {"minX": 49.588775634765625, "minY": 311.78875732421875, "maxX": 636.89208984375, "maxY": 536.1809692382812}, "class_id": 0, "box_caption": "Wooden-Pallet 0.927", "scores": {"class_score": 0.9271063208580017}, "domain": "pixel"}, {"position": {"minX": 12.44342041015625, "minY": 1.0644946098327637, "maxX": 169.06512451171875, "maxY": 14.842037200927734}, "class_id": 0, "box_caption": "Wooden-Pallet 0.002", "scores": {"class_score": 0.0024490857031196356}, "domain": "pixel"}, {"position": {"minX": 49.48748779296875, "minY": 283.99920654296875, "maxX": 607.3224487304688, "maxY": 356.42108154296875}, "class_id": 0, "box_caption": "Wooden-Pallet 0.001", "scores": {"class_score": 0.0010807518847286701}, "domain": "pixel"}], "class_labels": {"0": "Wooden-Pallet"}}