{"box_data": [{"position": {"minX": 77.48258972167969, "minY": 154.1374053955078, "maxX": 516.4991455078125, "maxY": 381.5960693359375}, "class_id": 0, "box_caption": "Wooden-Pallet 0.863", "scores": {"class_score": 0.8631826639175415}, "domain": "pixel"}, {"position": {"minX": -1.43231201171875, "minY": 349.90911865234375, "maxX": 590.1065673828125, "maxY": 729.9468383789062}, "class_id": 0, "box_caption": "Wooden-Pallet 0.001", "scores": {"class_score": 0.0012371160555630922}, "domain": "pixel"}, {"position": {"minX": 643.1921997070312, "minY": 440.3731689453125, "maxX": 668.2865600585938, "maxY": 590.648193359375}, "class_id": 0, "box_caption": "Wooden-Pallet 0.001", "scores": {"class_score": 0.0011236495338380337}, "domain": "pixel"}, {"position": {"minX": 655.0650024414062, "minY": 442.2926330566406, "maxX": 670.9883422851562, "maxY": 597.0560302734375}, "class_id": 0, "box_caption": "Wooden-Pallet 0.001", "scores": {"class_score": 0.0010092423763126135}, "domain": "pixel"}], "class_labels": {"0": "Wooden-Pallet"}}