{"box_data": [{"position": {"minX": 70.5994873046875, "minY": 153.8369598388672, "maxX": 519.5607299804688, "maxY": 383.5474853515625}, "class_id": 0, "box_caption": "Wooden-Pallet 0.945", "scores": {"class_score": 0.944955050945282}, "domain": "pixel"}], "class_labels": {"0": "Wooden-Pallet"}}