{"box_data": [{"position": {"minX": 70.39776611328125, "minY": 392.807373046875, "maxX": 657.6788940429688, "maxY": 549.8109130859375}, "class_id": 0, "box_caption": "Wooden-Pallet 0.211", "scores": {"class_score": 0.21058164536952972}, "domain": "pixel"}, {"position": {"minX": 90.83731079101562, "minY": 501.6414794921875, "maxX": 634.9267578125, "maxY": 650.317626953125}, "class_id": 0, "box_caption": "Wooden-Pallet 0.003", "scores": {"class_score": 0.0025891358964145184}, "domain": "pixel"}, {"position": {"minX": 11.925384521484375, "minY": 13.61790943145752, "maxX": 93.47825622558594, "maxY": 33.38885498046875}, "class_id": 0, "box_caption": "Wooden-Pallet 0.003", "scores": {"class_score": 0.0025130077265203}, "domain": "pixel"}], "class_labels": {"0": "Wooden-Pallet"}}