{"box_data": [{"position": {"minX": 109.85366821289062, "minY": 490.6620788574219, "maxX": 590.3934326171875, "maxY": 618.405029296875}, "class_id": 0, "box_caption": "Wooden-Pallet 0.908", "scores": {"class_score": 0.9082703590393066}, "domain": "pixel"}, {"position": {"minX": 104.91319274902344, "minY": 364.1382751464844, "maxX": 595.17333984375, "maxY": 499.5514221191406}, "class_id": 0, "box_caption": "Wooden-Pallet 0.867", "scores": {"class_score": 0.866581916809082}, "domain": "pixel"}, {"position": {"minX": 106.08161926269531, "minY": 286.9488525390625, "maxX": 599.8685302734375, "maxY": 399.39593505859375}, "class_id": 0, "box_caption": "Wooden-Pallet 0.740", "scores": {"class_score": 0.7404573559761047}, "domain": "pixel"}, {"position": {"minX": 363.7430114746094, "minY": 294.3265075683594, "maxX": 595.7049560546875, "maxY": 395.8625183105469}, "class_id": 0, "box_caption": "Wooden-Pallet 0.002", "scores": {"class_score": 0.001712207100354135}, "domain": "pixel"}], "class_labels": {"0": "Wooden-Pallet"}}