{"best/epoch": 95, "best/precision": 0.9116579886292027, "best/recall": 0.7938484037774818, "best/mAP_0.5": 0.8820347998956134, "best/mAP_0.5:0.95": 0.7209340274842725, "Labels": {"_type": "images/separated", "width": 1600, "height": 1600, "format": "jpg", "count": 2, "filenames": ["media/images/Labels_0_0c33d1d28f2ceb9bb0e4.jpg", "media/images/Labels_0_6521b0080b7888f708a8.jpg"], "captions": ["labels.jpg", "labels_correlogram.jpg"]}, "Mosaics": {"_type": "images/separated", "width": 960, "height": 960, "format": "jpg", "count": 3, "filenames": ["media/images/Mosaics_0_2650d257f905706e63ad.jpg", "media/images/Mosaics_0_e497539866556f1820ae.jpg", "media/images/Mosaics_0_bce94c4cba44175d9a1d.jpg"], "captions": ["train_batch0.jpg", "train_batch1.jpg", "train_batch2.jpg"]}, "train/box_loss": 0.018130380660295486, "train/obj_loss": 0.009253459051251411, "train/cls_loss": 0.0, "metrics/precision": 0.8592963244456844, "metrics/recall": 0.8205128205128205, "metrics/mAP_0.5": 0.8710893318348479, "metrics/mAP_0.5:0.95": 0.711350489111227, "val/box_loss": 0.02220354974269867, "val/obj_loss": 0.00515320897102356, "val/cls_loss": 0.0, "x/lr0": 0.0002980000000000002, "x/lr1": 0.0002980000000000002, "x/lr2": 0.0002980000000000002, "_timestamp": 1668679609.1871245, "_runtime": 2213.078040599823, "_step": 99, "BoundingBoxDebugger": {"_type": "images/separated", "width": 352, "height": 352, "format": "png", "count": 16, "filenames": ["media/images/BoundingBoxDebugger_99_cd951dcd4573d1d10b6d.png", "media/images/BoundingBoxDebugger_99_e8bb3f7accab8a2e770e.png", "media/images/BoundingBoxDebugger_99_eac0ba6795e75b99fab9.png", "media/images/BoundingBoxDebugger_99_21dbd1c756b5cc5578da.png", "media/images/BoundingBoxDebugger_99_5f99e3e6b52940b6533b.png", "media/images/BoundingBoxDebugger_99_40158166f9e5665336a8.png", "media/images/BoundingBoxDebugger_99_e5eca9ceb49c5c08746f.png", "media/images/BoundingBoxDebugger_99_6b9ef9094fcf368b26b0.png", "media/images/BoundingBoxDebugger_99_81289bef7c29c4633b64.png", "media/images/BoundingBoxDebugger_99_f65ad496818736634e29.png", "media/images/BoundingBoxDebugger_99_51528a79ff3b142df368.png", "media/images/BoundingBoxDebugger_99_2991155017ddd23dcea1.png", "media/images/BoundingBoxDebugger_99_d9ecafd5bad1bd17a686.png", "media/images/BoundingBoxDebugger_99_ed6dcbb05d629742dcbb.png", "media/images/BoundingBoxDebugger_99_8e6a446b433e075405f1.png", "media/images/BoundingBoxDebugger_99_98e1d4c89dd529ba02e0.png"], "captions": ["20221018_133908_jpg.rf.a4e89818a4e807cb21ca6d219ca20551.jpg", "20221018_140217_jpg.rf.094db2b1bdfc58a9f34e46964692a1d3.jpg", "20221018_140118_jpg.rf.989c0b1f941c119da3e461ca1aebddb2.jpg", "20221018_140112_jpg.rf.b4e0ebf1aa837bc9f97879c319a7d794.jpg", "20221018_140020_jpg.rf.c07d6f177dac0eab59acf1a0bb46638d.jpg", "20221018_135945_jpg.rf.716b51f240399d3d574e4f2584064c8d.jpg", "20221018_135802_jpg.rf.e26eacd08ea0ab900cadd6bd60d1746c.jpg", "20221018_135752_jpg.rf.b4c5a21d8e47ef85210a4e60d9aa4fdb.jpg", "20221018_135737_jpg.rf.26d1e0aebf840ee640bc2d42296b034f.jpg", "20221018_135619_jpg.rf.64b8e8094c3782f45bd86ed2af446ebc.jpg", "20221018_135559_jpg.rf.a367e8effa8df355e37e487fa62f83e0.jpg", "20221018_135507_jpg.rf.9d031c4fb76eafee4ced3e20d7d93bda.jpg", "20221018_135453_jpg.rf.1cef602604c0d79a858e1331d2d075d3.jpg", "20221018_135449_jpg.rf.220e17a1380c8480bb8ce59bb6c904c3.jpg", "20221018_135158_jpg.rf.dfb95646757f7fef204ff71c70e261b8.jpg", "20221018_134811_jpg.rf.e8249d4bd07a7fd6b8d8ead61b5b1d03.jpg"], "all_boxes": [{"predictions": {"_type": "boxes2D", "sha256": "98ff9ed0e18b1e054fb36984f28062d1a350aaefbdb0741432071b616dcd0800", "size": 1667, "path": "media/metadata/boxes2D/BoundingBoxDebugger_99_98ff9ed0e18b1e054fb3.boxes2D.json"}}, {"predictions": {"_type": "boxes2D", "sha256": "a97e7d6e998efef9efbe1fe4c5eab42e6da32484c7bbac535875a15a7ab36577", "size": 5333, "path": "media/metadata/boxes2D/BoundingBoxDebugger_99_a97e7d6e998efef9efbe.boxes2D.json"}}, {"predictions": {"_type": "boxes2D", "sha256": "c765ab5c7ea25752df25aeb22af06f40391998daff3c74cd657dd318d65ad5ed", "size": 1458, "path": "media/metadata/boxes2D/BoundingBoxDebugger_99_c765ab5c7ea25752df25.boxes2D.json"}}, {"predictions": {"_type": "boxes2D", "sha256": "98664167c38aaedab9e13a47741ff531136d01348ded5b57cc85cfa60f0d2f58", "size": 2066, "path": "media/metadata/boxes2D/BoundingBoxDebugger_99_98664167c38aaedab9e1.boxes2D.json"}}, {"predictions": {"_type": "boxes2D", "sha256": "68d92906fd911bfb4a5259d714e7f0246c16f57e3c72eb8ee4be38b012287af0", "size": 2671, "path": "media/metadata/boxes2D/BoundingBoxDebugger_99_68d92906fd911bfb4a52.boxes2D.json"}}, {"predictions": {"_type": "boxes2D", "sha256": "7a1b82c9d6f5bf5bc7d6edce6d4c16330d7461014b5a0048604fce6e4c5a29af", "size": 643, "path": "media/metadata/boxes2D/BoundingBoxDebugger_99_7a1b82c9d6f5bf5bc7d6.boxes2D.json"}}, {"predictions": {"_type": "boxes2D", "sha256": "464208e3695911834fbc1f5bada8749ef1c3d795dd32e0eae307a5e8876109fc", "size": 3050, "path": "media/metadata/boxes2D/BoundingBoxDebugger_99_464208e3695911834fbc.boxes2D.json"}}, {"predictions": {"_type": "boxes2D", "sha256": "9813bf161bd266e064d97e74bbe4bd7b7096c9dedfb051e9ac49f0fd52b62b19", "size": 2249, "path": "media/metadata/boxes2D/BoundingBoxDebugger_99_9813bf161bd266e064d9.boxes2D.json"}}, {"predictions": {"_type": "boxes2D", "sha256": "49f8dcc3e2a3af7fbb702409ff478c92002cd2bb7e5b93b532aa3c39f5a1ad1b", "size": 4034, "path": "media/metadata/boxes2D/BoundingBoxDebugger_99_49f8dcc3e2a3af7fbb70.boxes2D.json"}}, {"predictions": {"_type": "boxes2D", "sha256": "2573fab6cce39f85db0e9f69ac3245426cf69b0104231473af01e06245dd7239", "size": 6442, "path": "media/metadata/boxes2D/BoundingBoxDebugger_99_2573fab6cce39f85db0e.boxes2D.json"}}, {"predictions": {"_type": "boxes2D", "sha256": "4740f66470b0468d46fba1e23b6ef5a490f75ef95c001c410bdf60c9d9a25e13", "size": 5438, "path": "media/metadata/boxes2D/BoundingBoxDebugger_99_4740f66470b0468d46fb.boxes2D.json"}}, {"predictions": {"_type": "boxes2D", "sha256": "d0cf2f95c206fdcc201fdee7308b273051b2228f2434913998a86c5f8564b597", "size": 6249, "path": "media/metadata/boxes2D/BoundingBoxDebugger_99_d0cf2f95c206fdcc201f.boxes2D.json"}}, {"predictions": {"_type": "boxes2D", "sha256": "800b5509d316a319489d1712f3db4c2b428642c52ad54efebcbce8d60aa53913", "size": 4275, "path": "media/metadata/boxes2D/BoundingBoxDebugger_99_800b5509d316a319489d.boxes2D.json"}}, {"predictions": {"_type": "boxes2D", "sha256": "c1aff39346e97bda036708027df11854db416cc966e86f6f463e972d6affb519", "size": 4479, "path": "media/metadata/boxes2D/BoundingBoxDebugger_99_c1aff39346e97bda0367.boxes2D.json"}}, {"predictions": {"_type": "boxes2D", "sha256": "bfa025e4ab3b811d182fe6a2586de35445bd1ed8cd9e43858ced36c0c0af079f", "size": 2677, "path": "media/metadata/boxes2D/BoundingBoxDebugger_99_bfa025e4ab3b811d182f.boxes2D.json"}}, {"predictions": {"_type": "boxes2D", "sha256": "8ea38f73985a0ff273def0418caf1666926e0c25e7d19295aa490938f23fd0bd", "size": 3071, "path": "media/metadata/boxes2D/BoundingBoxDebugger_99_8ea38f73985a0ff273de.boxes2D.json"}}]}}