{"best/epoch": 9, "best/precision": 0.8950061172283394, "best/recall": 0.6666666666666666, "best/mAP_0.5": 0.7400422615391101, "best/mAP_0.5:0.95": 0.4889579639610774, "Labels": {"_type": "images/separated", "width": 1600, "height": 1600, "format": "jpg", "count": 2, "filenames": ["media/images/Labels_0_0c33d1d28f2ceb9bb0e4.jpg", "media/images/Labels_0_6521b0080b7888f708a8.jpg"], "captions": ["labels.jpg", "labels_correlogram.jpg"]}, "Mosaics": {"_type": "images/separated", "width": 960, "height": 960, "format": "jpg", "count": 3, "filenames": ["media/images/Mosaics_0_2650d257f905706e63ad.jpg", "media/images/Mosaics_0_e497539866556f1820ae.jpg", "media/images/Mosaics_0_bce94c4cba44175d9a1d.jpg"], "captions": ["train_batch0.jpg", "train_batch1.jpg", "train_batch2.jpg"]}, "train/box_loss": 0.04163201525807381, "train/obj_loss": 0.020632021129131317, "train/cls_loss": 0.0, "metrics/precision": 0.8950061172283394, "metrics/recall": 0.6666666666666666, "metrics/mAP_0.5": 0.7400422615391101, "metrics/mAP_0.5:0.95": 0.4889579639610774, "val/box_loss": 0.038013093173503876, "val/obj_loss": 0.007874548435211182, "val/cls_loss": 0.0, "x/lr0": 0.00208, "x/lr1": 0.00208, "x/lr2": 0.00208, "BoundingBoxDebugger": {"_type": "images/separated", "width": 352, "height": 352, "format": "png", "count": 16, "filenames": ["media/images/BoundingBoxDebugger_9_cd951dcd4573d1d10b6d.png", "media/images/BoundingBoxDebugger_9_e8bb3f7accab8a2e770e.png", "media/images/BoundingBoxDebugger_9_eac0ba6795e75b99fab9.png", "media/images/BoundingBoxDebugger_9_21dbd1c756b5cc5578da.png", "media/images/BoundingBoxDebugger_9_5f99e3e6b52940b6533b.png", "media/images/BoundingBoxDebugger_9_40158166f9e5665336a8.png", "media/images/BoundingBoxDebugger_9_e5eca9ceb49c5c08746f.png", "media/images/BoundingBoxDebugger_9_6b9ef9094fcf368b26b0.png", "media/images/BoundingBoxDebugger_9_81289bef7c29c4633b64.png", "media/images/BoundingBoxDebugger_9_f65ad496818736634e29.png", "media/images/BoundingBoxDebugger_9_51528a79ff3b142df368.png", "media/images/BoundingBoxDebugger_9_2991155017ddd23dcea1.png", "media/images/BoundingBoxDebugger_9_d9ecafd5bad1bd17a686.png", "media/images/BoundingBoxDebugger_9_ed6dcbb05d629742dcbb.png", "media/images/BoundingBoxDebugger_9_8e6a446b433e075405f1.png", "media/images/BoundingBoxDebugger_9_98e1d4c89dd529ba02e0.png"], "captions": ["20221018_133908_jpg.rf.a4e89818a4e807cb21ca6d219ca20551.jpg", "20221018_140217_jpg.rf.094db2b1bdfc58a9f34e46964692a1d3.jpg", "20221018_140118_jpg.rf.989c0b1f941c119da3e461ca1aebddb2.jpg", "20221018_140112_jpg.rf.b4e0ebf1aa837bc9f97879c319a7d794.jpg", "20221018_140020_jpg.rf.c07d6f177dac0eab59acf1a0bb46638d.jpg", "20221018_135945_jpg.rf.716b51f240399d3d574e4f2584064c8d.jpg", "20221018_135802_jpg.rf.e26eacd08ea0ab900cadd6bd60d1746c.jpg", "20221018_135752_jpg.rf.b4c5a21d8e47ef85210a4e60d9aa4fdb.jpg", "20221018_135737_jpg.rf.26d1e0aebf840ee640bc2d42296b034f.jpg", "20221018_135619_jpg.rf.64b8e8094c3782f45bd86ed2af446ebc.jpg", "20221018_135559_jpg.rf.a367e8effa8df355e37e487fa62f83e0.jpg", "20221018_135507_jpg.rf.9d031c4fb76eafee4ced3e20d7d93bda.jpg", "20221018_135453_jpg.rf.1cef602604c0d79a858e1331d2d075d3.jpg", "20221018_135449_jpg.rf.220e17a1380c8480bb8ce59bb6c904c3.jpg", "20221018_135158_jpg.rf.dfb95646757f7fef204ff71c70e261b8.jpg", "20221018_134811_jpg.rf.e8249d4bd07a7fd6b8d8ead61b5b1d03.jpg"], "all_boxes": [{"predictions": {"_type": "boxes2D", "sha256": "f986d17e7d6cea2aa92ba42240628dfd09c564acf5b56163a3229165561c4d55", "size": 60651, "path": "media/metadata/boxes2D/BoundingBoxDebugger_9_f986d17e7d6cea2aa92b.boxes2D.json"}}, {"predictions": {"_type": "boxes2D", "sha256": "bc6f9ea0bb1a166d2fe52f56d325392cd3a457b72561f3bc8eaaeee8cd88ce80", "size": 49687, "path": "media/metadata/boxes2D/BoundingBoxDebugger_9_bc6f9ea0bb1a166d2fe5.boxes2D.json"}}, {"predictions": {"_type": "boxes2D", "sha256": "2a337023a89568521637ff672d99b2c61449bc7674ea8eab8b6440383bb97f43", "size": 60424, "path": "media/metadata/boxes2D/BoundingBoxDebugger_9_2a337023a89568521637.boxes2D.json"}}, {"predictions": {"_type": "boxes2D", "sha256": "c45688d5cd5daa0e7d668715fdc83d633b2a32876b7ffe702667a0a78d085f07", "size": 60440, "path": "media/metadata/boxes2D/BoundingBoxDebugger_9_c45688d5cd5daa0e7d66.boxes2D.json"}}, {"predictions": {"_type": "boxes2D", "sha256": "b4dd39732f99654c2db9d8f8d92576f1a0fbc2b38a662d431326793caf7bcea7", "size": 60600, "path": "media/metadata/boxes2D/BoundingBoxDebugger_9_b4dd39732f99654c2db9.boxes2D.json"}}, {"predictions": {"_type": "boxes2D", "sha256": "f4a4342df85ed5d71c2e686390f1139438f8aad6e84d493f39a614f4de2ba968", "size": 60579, "path": "media/metadata/boxes2D/BoundingBoxDebugger_9_f4a4342df85ed5d71c2e.boxes2D.json"}}, {"predictions": {"_type": "boxes2D", "sha256": "8560f64380a54424ba9cc8bae35b48f599083bbf769192e284b4a0c13493b9db", "size": 60334, "path": "media/metadata/boxes2D/BoundingBoxDebugger_9_8560f64380a54424ba9c.boxes2D.json"}}, {"predictions": {"_type": "boxes2D", "sha256": "3b2dd406201b7586b7b0ce1520302a7616bc4490baebebfe69d451e1097427f6", "size": 60262, "path": "media/metadata/boxes2D/BoundingBoxDebugger_9_3b2dd406201b7586b7b0.boxes2D.json"}}, {"predictions": {"_type": "boxes2D", "sha256": "4872fe98c79ca810ba705fe703fdc2b3b6cceef478f11611aee83c26c331c3dd", "size": 60424, "path": "media/metadata/boxes2D/BoundingBoxDebugger_9_4872fe98c79ca810ba70.boxes2D.json"}}, {"predictions": {"_type": "boxes2D", "sha256": "b28835002f161d93b7fca7b0965fd57854849d8779b28cb8877d690664664cb8", "size": 60375, "path": "media/metadata/boxes2D/BoundingBoxDebugger_9_b28835002f161d93b7fc.boxes2D.json"}}, {"predictions": {"_type": "boxes2D", "sha256": "27a8ac50d1e13638840884a4c72eea49b8292a08aaa98da83d03ef92bba75621", "size": 60459, "path": "media/metadata/boxes2D/BoundingBoxDebugger_9_27a8ac50d1e136388408.boxes2D.json"}}, {"predictions": {"_type": "boxes2D", "sha256": "8133e37e9180ab282afd724b268ae620d09bba128c2fbe97027b5362b46fa289", "size": 60438, "path": "media/metadata/boxes2D/BoundingBoxDebugger_9_8133e37e9180ab282afd.boxes2D.json"}}, {"predictions": {"_type": "boxes2D", "sha256": "51953b031407527c6679719139b4180e4a29dbd3681978801db23538ab9742bb", "size": 60427, "path": "media/metadata/boxes2D/BoundingBoxDebugger_9_51953b031407527c6679.boxes2D.json"}}, {"predictions": {"_type": "boxes2D", "sha256": "fa09f8d4430bda517a7b5a255d2eee4b0607ad8e5df9930cd9dd38dd4cc6eb3e", "size": 60455, "path": "media/metadata/boxes2D/BoundingBoxDebugger_9_fa09f8d4430bda517a7b.boxes2D.json"}}, {"predictions": {"_type": "boxes2D", "sha256": "d815e0c525077d13e29d67466ea230241a1f1722a48222b022c91f949f11a65a", "size": 60240, "path": "media/metadata/boxes2D/BoundingBoxDebugger_9_d815e0c525077d13e29d.boxes2D.json"}}, {"predictions": {"_type": "boxes2D", "sha256": "93484cd5c34965fc2fa88950ed803b9244c3b05313293487d31315a0e0ce2a08", "size": 60284, "path": "media/metadata/boxes2D/BoundingBoxDebugger_9_93484cd5c34965fc2fa8.boxes2D.json"}}]}, "_timestamp": 1668685417.977404, "_runtime": 348.0980181694031, "_step": 9}