{"best/epoch": 127, "best/precision": 0.9131663478049561, "best/recall": 0.8205128205128205, "best/mAP_0.5": 0.8634685122705504, "best/mAP_0.5:0.95": 0.7036778018377946, "Labels": {"_type": "images/separated", "width": 1600, "height": 1600, "format": "jpg", "count": 2, "filenames": ["media/images/Labels_0_0c33d1d28f2ceb9bb0e4.jpg", "media/images/Labels_0_6521b0080b7888f708a8.jpg"], "captions": ["labels.jpg", "labels_correlogram.jpg"]}, "Mosaics": {"_type": "images/separated", "width": 1920, "height": 1920, "format": "jpg", "count": 3, "filenames": ["media/images/Mosaics_0_50555bd9d2a59afb2538.jpg", "media/images/Mosaics_0_f1a91e91bf5ccc17c1b6.jpg", "media/images/Mosaics_0_043cfa67643ac781cbdb.jpg"], "captions": ["train_batch0.jpg", "train_batch1.jpg", "train_batch2.jpg"]}, "train/box_loss": 0.01726537197828293, "train/obj_loss": 0.009063176810741425, "train/cls_loss": 0.0, "metrics/precision": 0.8614207617370248, "metrics/recall": 0.8461538461538461, "metrics/mAP_0.5": 0.8608063279090945, "metrics/mAP_0.5:0.95": 0.6898804703630704, "val/box_loss": 0.02613784745335579, "val/obj_loss": 0.004724523518234491, "val/cls_loss": 0.0, "x/lr0": 0.0042976, "x/lr1": 0.0042976, "x/lr2": 0.0042976, "_timestamp": 1668264074.5859108, "_runtime": 69347.66224169731, "_step": 145, "BoundingBoxDebugger": {"_type": "images/separated", "width": 672, "height": 672, "format": "png", "count": 16, "filenames": ["media/images/BoundingBoxDebugger_124_d8fb4a2084559e27ae54.png", "media/images/BoundingBoxDebugger_124_808231df3c941c73e6c2.png", "media/images/BoundingBoxDebugger_124_6ba7805403d2e053e0c2.png", "media/images/BoundingBoxDebugger_124_cd90a3f7e9aa3d704091.png", "media/images/BoundingBoxDebugger_124_d39e2cae35bff38d40af.png", "media/images/BoundingBoxDebugger_124_9845287211282da2b861.png", "media/images/BoundingBoxDebugger_124_10eddf49206e45f6dd66.png", "media/images/BoundingBoxDebugger_124_8331bc57052ab7f7847a.png", "media/images/BoundingBoxDebugger_124_e93e820b02c8d113fff9.png", "media/images/BoundingBoxDebugger_124_205d03ace1ebf7aab9e5.png", "media/images/BoundingBoxDebugger_124_d96f5e0157b8c4b58b1f.png", "media/images/BoundingBoxDebugger_124_9391b2ce1fa5c6afff7a.png", "media/images/BoundingBoxDebugger_124_9992bbda5d4bca9257d6.png", "media/images/BoundingBoxDebugger_124_a5a45870bd6b480539ed.png", "media/images/BoundingBoxDebugger_124_d710e3237c53df1b79a0.png", "media/images/BoundingBoxDebugger_124_79027b384320d9d3426e.png"], "captions": ["20221018_133908_jpg.rf.a4e89818a4e807cb21ca6d219ca20551.jpg", "20221018_140217_jpg.rf.094db2b1bdfc58a9f34e46964692a1d3.jpg", "20221018_140118_jpg.rf.989c0b1f941c119da3e461ca1aebddb2.jpg", "20221018_140112_jpg.rf.b4e0ebf1aa837bc9f97879c319a7d794.jpg", "20221018_140020_jpg.rf.c07d6f177dac0eab59acf1a0bb46638d.jpg", "20221018_135945_jpg.rf.716b51f240399d3d574e4f2584064c8d.jpg", "20221018_135802_jpg.rf.e26eacd08ea0ab900cadd6bd60d1746c.jpg", "20221018_135752_jpg.rf.b4c5a21d8e47ef85210a4e60d9aa4fdb.jpg", "20221018_135737_jpg.rf.26d1e0aebf840ee640bc2d42296b034f.jpg", "20221018_135619_jpg.rf.64b8e8094c3782f45bd86ed2af446ebc.jpg", "20221018_135559_jpg.rf.a367e8effa8df355e37e487fa62f83e0.jpg", "20221018_135507_jpg.rf.9d031c4fb76eafee4ced3e20d7d93bda.jpg", "20221018_135453_jpg.rf.1cef602604c0d79a858e1331d2d075d3.jpg", "20221018_135449_jpg.rf.220e17a1380c8480bb8ce59bb6c904c3.jpg", "20221018_135158_jpg.rf.dfb95646757f7fef204ff71c70e261b8.jpg", "20221018_134811_jpg.rf.e8249d4bd07a7fd6b8d8ead61b5b1d03.jpg"], "all_boxes": [{"predictions": {"_type": "boxes2D", "sha256": "949153ed0ab569f1f34e158892c20e2acb10f5fadc84d25451de1e5a49b808f3", "size": 544, "path": "media/metadata/boxes2D/BoundingBoxDebugger_124_949153ed0ab569f1f34e.boxes2D.json"}}, {"predictions": {"_type": "boxes2D", "sha256": "7e82e7fea4e61fc731975bd715063053375ddfca2f1440057bc6c9fd8232df31", "size": 542, "path": "media/metadata/boxes2D/BoundingBoxDebugger_124_7e82e7fea4e61fc73197.boxes2D.json"}}, {"predictions": {"_type": "boxes2D", "sha256": "d71f8ec6c7dbf89d9b02869485c80927877201bbdc3b7f783e15e698e4163840", "size": 2011, "path": "media/metadata/boxes2D/BoundingBoxDebugger_124_d71f8ec6c7dbf89d9b02.boxes2D.json"}}, {"predictions": {"_type": "boxes2D", "sha256": "f3b3661fff8c5c3944efbf54aec199db4808777c238a0cb02a8fabbbfe35832c", "size": 1286, "path": "media/metadata/boxes2D/BoundingBoxDebugger_124_f3b3661fff8c5c3944ef.boxes2D.json"}}, {"predictions": {"_type": "boxes2D", "sha256": "bff6a472f9b8b54781f8adcaa8c6e2b6305ede68d23a0535ab740296f7192b43", "size": 541, "path": "media/metadata/boxes2D/BoundingBoxDebugger_124_bff6a472f9b8b54781f8.boxes2D.json"}}, {"predictions": {"_type": "boxes2D", "sha256": "7ac0cee804df4bc66d5dffd49ce934eb34afac5d7d51a54c2d6070bc1fbbef75", "size": 1041, "path": "media/metadata/boxes2D/BoundingBoxDebugger_124_7ac0cee804df4bc66d5d.boxes2D.json"}}, {"predictions": {"_type": "boxes2D", "sha256": "de582390d4ead9f2588a26a3b82216653483cbdf9076a764645e0f0a4118f8df", "size": 3237, "path": "media/metadata/boxes2D/BoundingBoxDebugger_124_de582390d4ead9f2588a.boxes2D.json"}}, {"predictions": {"_type": "boxes2D", "sha256": "bf1f77739335d71c8139910215dabb87a034571161d2e15d79e6aab9f2cdd7d8", "size": 2015, "path": "media/metadata/boxes2D/BoundingBoxDebugger_124_bf1f77739335d71c8139.boxes2D.json"}}, {"predictions": {"_type": "boxes2D", "sha256": "cc0264dbf72c850ead063b0b1b7e69d95670b54720974eb5eafd35d2afe0bc97", "size": 2004, "path": "media/metadata/boxes2D/BoundingBoxDebugger_124_cc0264dbf72c850ead06.boxes2D.json"}}, {"predictions": {"_type": "boxes2D", "sha256": "5b9087207eacaabf364bc9f1922397dbe8f9477c54518b941332f39a3e8e8d3f", "size": 3472, "path": "media/metadata/boxes2D/BoundingBoxDebugger_124_5b9087207eacaabf364b.boxes2D.json"}}, {"predictions": {"_type": "boxes2D", "sha256": "9b374e545dea9850d35d7348977e526c1750bc4942e057f18e77f38216da03e2", "size": 3234, "path": "media/metadata/boxes2D/BoundingBoxDebugger_124_9b374e545dea9850d35d.boxes2D.json"}}, {"predictions": {"_type": "boxes2D", "sha256": "8d98546b0f2bc0ef1c33b83ae27cd1ea9c59f846e3e34853ae1db48f3c7324de", "size": 2731, "path": "media/metadata/boxes2D/BoundingBoxDebugger_124_8d98546b0f2bc0ef1c33.boxes2D.json"}}, {"predictions": {"_type": "boxes2D", "sha256": "a58d0a3187ed64419731de177dc6ffc7a76ade86be055da1ba0eb167a632854b", "size": 2013, "path": "media/metadata/boxes2D/BoundingBoxDebugger_124_a58d0a3187ed64419731.boxes2D.json"}}, {"predictions": {"_type": "boxes2D", "sha256": "cab4f656dc2f9690b23df2e4f8bebbbc2fa0a256a24521d994704aabab710c2b", "size": 2493, "path": "media/metadata/boxes2D/BoundingBoxDebugger_124_cab4f656dc2f9690b23d.boxes2D.json"}}, {"predictions": {"_type": "boxes2D", "sha256": "510903a5fc26f7b1965dd835e93d9911e70c71820ab567c997e7129596f0c6be", "size": 1526, "path": "media/metadata/boxes2D/BoundingBoxDebugger_124_510903a5fc26f7b1965d.boxes2D.json"}}, {"predictions": {"_type": "boxes2D", "sha256": "12da369ae8e42c6af84f02b7b73cf46aa6f90f0fc88f18e70aea19ac1f942757", "size": 789, "path": "media/metadata/boxes2D/BoundingBoxDebugger_124_12da369ae8e42c6af84f.boxes2D.json"}}]}}