{"best/epoch": 67, "best/precision": 0.902141852240993, "best/recall": 0.7692307692307693, "best/mAP_0.5": 0.8392606861547591, "best/mAP_0.5:0.95": 0.6968065282962612, "Labels": {"_type": "images/separated", "width": 1600, "height": 1600, "format": "jpg", "count": 2, "filenames": ["media/images/Labels_0_0c33d1d28f2ceb9bb0e4.jpg", "media/images/Labels_0_6521b0080b7888f708a8.jpg"], "captions": ["labels.jpg", "labels_correlogram.jpg"]}, "Mosaics": {"_type": "images/separated", "width": 960, "height": 960, "format": "jpg", "count": 3, "filenames": ["media/images/Mosaics_0_2650d257f905706e63ad.jpg", "media/images/Mosaics_0_e497539866556f1820ae.jpg", "media/images/Mosaics_0_bce94c4cba44175d9a1d.jpg"], "captions": ["train_batch0.jpg", "train_batch1.jpg", "train_batch2.jpg"]}, "train/box_loss": 0.01900804601609707, "train/obj_loss": 0.010377563536167145, "train/cls_loss": 0.0, "metrics/precision": 0.9016369310486956, "metrics/recall": 0.7692307692307693, "metrics/mAP_0.5": 0.8230495410987029, "metrics/mAP_0.5:0.95": 0.6750437619879534, "val/box_loss": 0.023733653128147125, "val/obj_loss": 0.005632996559143066, "val/cls_loss": 0.0, "x/lr0": 0.0003639999999999995, "x/lr1": 0.0003639999999999995, "x/lr2": 0.0003639999999999995, "_timestamp": 1668682322.3010666, "_runtime": 1693.550895690918, "_step": 74, "BoundingBoxDebugger": {"_type": "images/separated", "width": 352, "height": 352, "format": "png", "count": 16, "filenames": ["media/images/BoundingBoxDebugger_69_cd951dcd4573d1d10b6d.png", "media/images/BoundingBoxDebugger_69_e8bb3f7accab8a2e770e.png", "media/images/BoundingBoxDebugger_69_eac0ba6795e75b99fab9.png", "media/images/BoundingBoxDebugger_69_21dbd1c756b5cc5578da.png", "media/images/BoundingBoxDebugger_69_5f99e3e6b52940b6533b.png", "media/images/BoundingBoxDebugger_69_40158166f9e5665336a8.png", "media/images/BoundingBoxDebugger_69_e5eca9ceb49c5c08746f.png", "media/images/BoundingBoxDebugger_69_6b9ef9094fcf368b26b0.png", "media/images/BoundingBoxDebugger_69_81289bef7c29c4633b64.png", "media/images/BoundingBoxDebugger_69_f65ad496818736634e29.png", "media/images/BoundingBoxDebugger_69_51528a79ff3b142df368.png", "media/images/BoundingBoxDebugger_69_2991155017ddd23dcea1.png", "media/images/BoundingBoxDebugger_69_d9ecafd5bad1bd17a686.png", "media/images/BoundingBoxDebugger_69_ed6dcbb05d629742dcbb.png", "media/images/BoundingBoxDebugger_69_8e6a446b433e075405f1.png", "media/images/BoundingBoxDebugger_69_98e1d4c89dd529ba02e0.png"], "captions": ["20221018_133908_jpg.rf.a4e89818a4e807cb21ca6d219ca20551.jpg", "20221018_140217_jpg.rf.094db2b1bdfc58a9f34e46964692a1d3.jpg", "20221018_140118_jpg.rf.989c0b1f941c119da3e461ca1aebddb2.jpg", "20221018_140112_jpg.rf.b4e0ebf1aa837bc9f97879c319a7d794.jpg", "20221018_140020_jpg.rf.c07d6f177dac0eab59acf1a0bb46638d.jpg", "20221018_135945_jpg.rf.716b51f240399d3d574e4f2584064c8d.jpg", "20221018_135802_jpg.rf.e26eacd08ea0ab900cadd6bd60d1746c.jpg", "20221018_135752_jpg.rf.b4c5a21d8e47ef85210a4e60d9aa4fdb.jpg", "20221018_135737_jpg.rf.26d1e0aebf840ee640bc2d42296b034f.jpg", "20221018_135619_jpg.rf.64b8e8094c3782f45bd86ed2af446ebc.jpg", "20221018_135559_jpg.rf.a367e8effa8df355e37e487fa62f83e0.jpg", "20221018_135507_jpg.rf.9d031c4fb76eafee4ced3e20d7d93bda.jpg", "20221018_135453_jpg.rf.1cef602604c0d79a858e1331d2d075d3.jpg", "20221018_135449_jpg.rf.220e17a1380c8480bb8ce59bb6c904c3.jpg", "20221018_135158_jpg.rf.dfb95646757f7fef204ff71c70e261b8.jpg", "20221018_134811_jpg.rf.e8249d4bd07a7fd6b8d8ead61b5b1d03.jpg"], "all_boxes": [{"predictions": {"_type": "boxes2D", "sha256": "52c36709b7159b6f2bb8325321d4e142d1a6a08b1b316f5905dcb65e73a024c7", "size": 2085, "path": "media/metadata/boxes2D/BoundingBoxDebugger_69_52c36709b7159b6f2bb8.boxes2D.json"}}, {"predictions": {"_type": "boxes2D", "sha256": "3e494df0c743b8114f1d14d17b40632df8b5f9e9cf98b0c427a9d302237ec301", "size": 4072, "path": "media/metadata/boxes2D/BoundingBoxDebugger_69_3e494df0c743b8114f1d.boxes2D.json"}}, {"predictions": {"_type": "boxes2D", "sha256": "e8cebf96db72b21a9bdd354effe392f1fd6a3286259e0208f54e255938b9a18c", "size": 5939, "path": "media/metadata/boxes2D/BoundingBoxDebugger_69_e8cebf96db72b21a9bdd.boxes2D.json"}}, {"predictions": {"_type": "boxes2D", "sha256": "4d1414ea7aebc3bfe141e6d1a6fd5de8ef13dba88611512503c68046ee0e0a8c", "size": 5044, "path": "media/metadata/boxes2D/BoundingBoxDebugger_69_4d1414ea7aebc3bfe141.boxes2D.json"}}, {"predictions": {"_type": "boxes2D", "sha256": "1f3f39b948032d52aa941dee6e20e55930399b11740a7bd53d930c28037444f8", "size": 4848, "path": "media/metadata/boxes2D/BoundingBoxDebugger_69_1f3f39b948032d52aa94.boxes2D.json"}}, {"predictions": {"_type": "boxes2D", "sha256": "4daa061758b880c58979f4fb9039d248ee3a95e888e25564aa379aa9b0c0fbb0", "size": 5287, "path": "media/metadata/boxes2D/BoundingBoxDebugger_69_4daa061758b880c58979.boxes2D.json"}}, {"predictions": {"_type": "boxes2D", "sha256": "2a1045b507d5dbdcf5fce0e0bfb041370d99a9e8461f43d12eaabfa881a54f89", "size": 6064, "path": "media/metadata/boxes2D/BoundingBoxDebugger_69_2a1045b507d5dbdcf5fc.boxes2D.json"}}, {"predictions": {"_type": "boxes2D", "sha256": "7ad2cc4a0891d0c2650215ffda3446e3fb78888861f006521a1bbf486f03686b", "size": 2418, "path": "media/metadata/boxes2D/BoundingBoxDebugger_69_7ad2cc4a0891d0c26502.boxes2D.json"}}, {"predictions": {"_type": "boxes2D", "sha256": "1c735a928da4f9d015a9ee7da2c10669f607ee7192790ae97fc73a2574ff2d64", "size": 6273, "path": "media/metadata/boxes2D/BoundingBoxDebugger_69_1c735a928da4f9d015a9.boxes2D.json"}}, {"predictions": {"_type": "boxes2D", "sha256": "42de3a92f53da1e58aa9bae0951d89b6d0c1e6a9cd17d8504c4c95b001f3dd54", "size": 5387, "path": "media/metadata/boxes2D/BoundingBoxDebugger_69_42de3a92f53da1e58aa9.boxes2D.json"}}, {"predictions": {"_type": "boxes2D", "sha256": "994b54b80d1e21f40059587b90f03d1c3c2af8544bc0ae9adf46cd6154414d3a", "size": 5794, "path": "media/metadata/boxes2D/BoundingBoxDebugger_69_994b54b80d1e21f40059.boxes2D.json"}}, {"predictions": {"_type": "boxes2D", "sha256": "705095ccff81abd68c3005d7cc150f2403079832df08e03a5eb6b35e5c1aa419", "size": 4847, "path": "media/metadata/boxes2D/BoundingBoxDebugger_69_705095ccff81abd68c30.boxes2D.json"}}, {"predictions": {"_type": "boxes2D", "sha256": "503f78ed65eb83a58c1fbd2aa5d1e7350c17e8b505a1174346013493cbe3e125", "size": 5254, "path": "media/metadata/boxes2D/BoundingBoxDebugger_69_503f78ed65eb83a58c1f.boxes2D.json"}}, {"predictions": {"_type": "boxes2D", "sha256": "0de7d08bf50d39981d3ee58e61bb4bda722f10b4aa188580ef181c63c264be47", "size": 2251, "path": "media/metadata/boxes2D/BoundingBoxDebugger_69_0de7d08bf50d39981d3e.boxes2D.json"}}, {"predictions": {"_type": "boxes2D", "sha256": "fc3c6cc43dad59eac7979778066e551992c7bfbd01629988f9fce50a14a75fda", "size": 3707, "path": "media/metadata/boxes2D/BoundingBoxDebugger_69_fc3c6cc43dad59eac797.boxes2D.json"}}, {"predictions": {"_type": "boxes2D", "sha256": "f37315df814c5001250b3dc86be16d4bf6af83e6dbb9bbe87110e032260543de", "size": 2861, "path": "media/metadata/boxes2D/BoundingBoxDebugger_69_f37315df814c5001250b.boxes2D.json"}}]}}