{"best/epoch": 20, "best/precision": 0.8468305377132517, "best/recall": 0.6410256410256411, "best/mAP_0.5": 0.7478103562635025, "best/mAP_0.5:0.95": 0.46425174554447607, "Labels": {"_type": "images/separated", "width": 1600, "height": 1600, "format": "jpg", "count": 2, "filenames": ["media/images/Labels_0_0c33d1d28f2ceb9bb0e4.jpg", "media/images/Labels_0_6521b0080b7888f708a8.jpg"], "captions": ["labels.jpg", "labels_correlogram.jpg"]}, "Mosaics": {"_type": "images/separated", "width": 960, "height": 960, "format": "jpg", "count": 3, "filenames": ["media/images/Mosaics_0_2650d257f905706e63ad.jpg", "media/images/Mosaics_0_e497539866556f1820ae.jpg", "media/images/Mosaics_0_bce94c4cba44175d9a1d.jpg"], "captions": ["train_batch0.jpg", "train_batch1.jpg", "train_batch2.jpg"]}, "train/box_loss": 0.030869776383042336, "train/obj_loss": 0.01630091480910778, "train/cls_loss": 0.0, "metrics/precision": 0.7112350188025863, "metrics/recall": 0.6666666666666666, "metrics/mAP_0.5": 0.7116039099023597, "metrics/mAP_0.5:0.95": 0.46658278610152004, "val/box_loss": 0.032810475677251816, "val/obj_loss": 0.007104933261871338, "val/cls_loss": 0.0, "x/lr0": 0.0008919999999999996, "x/lr1": 0.0008919999999999996, "x/lr2": 0.0008919999999999996, "_timestamp": 1668689514.8192697, "_runtime": 502.19892263412476, "_step": 24, "BoundingBoxDebugger": {"_type": "images/separated", "width": 352, "height": 352, "format": "png", "count": 16, "filenames": ["media/images/BoundingBoxDebugger_23_cd951dcd4573d1d10b6d.png", "media/images/BoundingBoxDebugger_23_e8bb3f7accab8a2e770e.png", "media/images/BoundingBoxDebugger_23_eac0ba6795e75b99fab9.png", "media/images/BoundingBoxDebugger_23_21dbd1c756b5cc5578da.png", "media/images/BoundingBoxDebugger_23_5f99e3e6b52940b6533b.png", "media/images/BoundingBoxDebugger_23_40158166f9e5665336a8.png", "media/images/BoundingBoxDebugger_23_e5eca9ceb49c5c08746f.png", "media/images/BoundingBoxDebugger_23_6b9ef9094fcf368b26b0.png", "media/images/BoundingBoxDebugger_23_81289bef7c29c4633b64.png", "media/images/BoundingBoxDebugger_23_f65ad496818736634e29.png", "media/images/BoundingBoxDebugger_23_51528a79ff3b142df368.png", "media/images/BoundingBoxDebugger_23_2991155017ddd23dcea1.png", "media/images/BoundingBoxDebugger_23_d9ecafd5bad1bd17a686.png", "media/images/BoundingBoxDebugger_23_ed6dcbb05d629742dcbb.png", "media/images/BoundingBoxDebugger_23_8e6a446b433e075405f1.png", "media/images/BoundingBoxDebugger_23_98e1d4c89dd529ba02e0.png"], "captions": ["20221018_133908_jpg.rf.a4e89818a4e807cb21ca6d219ca20551.jpg", "20221018_140217_jpg.rf.094db2b1bdfc58a9f34e46964692a1d3.jpg", "20221018_140118_jpg.rf.989c0b1f941c119da3e461ca1aebddb2.jpg", "20221018_140112_jpg.rf.b4e0ebf1aa837bc9f97879c319a7d794.jpg", "20221018_140020_jpg.rf.c07d6f177dac0eab59acf1a0bb46638d.jpg", "20221018_135945_jpg.rf.716b51f240399d3d574e4f2584064c8d.jpg", "20221018_135802_jpg.rf.e26eacd08ea0ab900cadd6bd60d1746c.jpg", "20221018_135752_jpg.rf.b4c5a21d8e47ef85210a4e60d9aa4fdb.jpg", "20221018_135737_jpg.rf.26d1e0aebf840ee640bc2d42296b034f.jpg", "20221018_135619_jpg.rf.64b8e8094c3782f45bd86ed2af446ebc.jpg", "20221018_135559_jpg.rf.a367e8effa8df355e37e487fa62f83e0.jpg", "20221018_135507_jpg.rf.9d031c4fb76eafee4ced3e20d7d93bda.jpg", "20221018_135453_jpg.rf.1cef602604c0d79a858e1331d2d075d3.jpg", "20221018_135449_jpg.rf.220e17a1380c8480bb8ce59bb6c904c3.jpg", "20221018_135158_jpg.rf.dfb95646757f7fef204ff71c70e261b8.jpg", "20221018_134811_jpg.rf.e8249d4bd07a7fd6b8d8ead61b5b1d03.jpg"], "all_boxes": [{"predictions": {"_type": "boxes2D", "sha256": "b3f599cc51de12eaaec9f6aff28d4d8a8891af054ac67d3dd271476ca08e0e70", "size": 14932, "path": "media/metadata/boxes2D/BoundingBoxDebugger_23_b3f599cc51de12eaaec9.boxes2D.json"}}, {"predictions": {"_type": "boxes2D", "sha256": "c7178cf2a4f4a193a83cc3ecc1bf2e8c04b52e01cc368ec803780b706193a2b5", "size": 15978, "path": "media/metadata/boxes2D/BoundingBoxDebugger_23_c7178cf2a4f4a193a83c.boxes2D.json"}}, {"predictions": {"_type": "boxes2D", "sha256": "0ea129641b5001d94a167ba5ba3ce703fa0f63930dcff85de679886e57920691", "size": 22166, "path": "media/metadata/boxes2D/BoundingBoxDebugger_23_0ea129641b5001d94a16.boxes2D.json"}}, {"predictions": {"_type": "boxes2D", "sha256": "c0cbda22e99eab717636cae82dd3c4d1c18ad663a0493423024243671201becf", "size": 33431, "path": "media/metadata/boxes2D/BoundingBoxDebugger_23_c0cbda22e99eab717636.boxes2D.json"}}, {"predictions": {"_type": "boxes2D", "sha256": "e4ca4011026fea4071374f218a526b3c9c41500fc7ee04020699865f528239eb", "size": 24807, "path": "media/metadata/boxes2D/BoundingBoxDebugger_23_e4ca4011026fea407137.boxes2D.json"}}, {"predictions": {"_type": "boxes2D", "sha256": "c24564dc75a8718824c21cf5d0d7d886c24650f5eb5792ea655b4e041d55d07d", "size": 9481, "path": "media/metadata/boxes2D/BoundingBoxDebugger_23_c24564dc75a8718824c2.boxes2D.json"}}, {"predictions": {"_type": "boxes2D", "sha256": "b6ba67228fd8b8505f79f43b2572350c5c092862bbe317b4249deefbd9ae3df0", "size": 20693, "path": "media/metadata/boxes2D/BoundingBoxDebugger_23_b6ba67228fd8b8505f79.boxes2D.json"}}, {"predictions": {"_type": "boxes2D", "sha256": "20ad4ce9002ad14963661f38180bc5665b9ad9d83383b40844c545dc8651b1ec", "size": 26817, "path": "media/metadata/boxes2D/BoundingBoxDebugger_23_20ad4ce9002ad1496366.boxes2D.json"}}, {"predictions": {"_type": "boxes2D", "sha256": "7efa907d4b8dd9b9fe5082a2676063fd65aa75b0fd48270f19b8466cf2c05476", "size": 29203, "path": "media/metadata/boxes2D/BoundingBoxDebugger_23_7efa907d4b8dd9b9fe50.boxes2D.json"}}, {"predictions": {"_type": "boxes2D", "sha256": "4df554bc822a17a6c6d8329cf1fc2864973dfe492a547598042dac59f653c276", "size": 18921, "path": "media/metadata/boxes2D/BoundingBoxDebugger_23_4df554bc822a17a6c6d8.boxes2D.json"}}, {"predictions": {"_type": "boxes2D", "sha256": "628456bef11e87e7766a8477e1938f9e82b3d9f09f20e65074dd827871eaf0c0", "size": 23589, "path": "media/metadata/boxes2D/BoundingBoxDebugger_23_628456bef11e87e7766a.boxes2D.json"}}, {"predictions": {"_type": "boxes2D", "sha256": "d8c0c320837b9052489bf900cc0dcb4dc4fed270ebc40918f45d4215b287b597", "size": 21922, "path": "media/metadata/boxes2D/BoundingBoxDebugger_23_d8c0c320837b9052489b.boxes2D.json"}}, {"predictions": {"_type": "boxes2D", "sha256": "fb00d51c92414ce4401b85f54afd6fb19150cb366ddcac046270f08e0ea721d6", "size": 23285, "path": "media/metadata/boxes2D/BoundingBoxDebugger_23_fb00d51c92414ce4401b.boxes2D.json"}}, {"predictions": {"_type": "boxes2D", "sha256": "eee491132907aff988dda657b337413fba1680e177b46820fa2e5c9393581400", "size": 18671, "path": "media/metadata/boxes2D/BoundingBoxDebugger_23_eee491132907aff988dd.boxes2D.json"}}, {"predictions": {"_type": "boxes2D", "sha256": "ff6f17262a5ad330c3720d86f89b45f8b790a7449b77d84eb8d49957c13878c1", "size": 22150, "path": "media/metadata/boxes2D/BoundingBoxDebugger_23_ff6f17262a5ad330c372.boxes2D.json"}}, {"predictions": {"_type": "boxes2D", "sha256": "9709a3099b6f48d2f1bf9fd1d7e0f32211b01ffb48edbd7fa212dfdae5963649", "size": 39727, "path": "media/metadata/boxes2D/BoundingBoxDebugger_23_9709a3099b6f48d2f1bf.boxes2D.json"}}]}}