{"box_data": [{"position": {"minX": 10.24273681640625, "minY": 356.7070007324219, "maxX": 657.7794189453125, "maxY": 552.7237548828125}, "class_id": 0, "box_caption": "Wooden-Pallet 0.903", "scores": {"class_score": 0.9030464887619019}, "domain": "pixel"}, {"position": {"minX": 108.32618713378906, "minY": 376.103759765625, "maxX": 540.2994995117188, "maxY": 539.880859375}, "class_id": 0, "box_caption": "Wooden-Pallet 0.002", "scores": {"class_score": 0.001607141806744039}, "domain": "pixel"}, {"position": {"minX": 33.42991638183594, "minY": 375.58148193359375, "maxX": 246.00267028808594, "maxY": 533.5585327148438}, "class_id": 0, "box_caption": "Wooden-Pallet 0.001", "scores": {"class_score": 0.0011431090533733368}, "domain": "pixel"}], "class_labels": {"0": "Wooden-Pallet"}}