{"box_data": [{"position": {"minX": 122.9312744140625, "minY": 371.637939453125, "maxX": 560.26025390625, "maxY": 498.177490234375}, "class_id": 0, "box_caption": "Wooden-Pallet 0.912", "scores": {"class_score": 0.9117567539215088}, "domain": "pixel"}, {"position": {"minX": 590.298095703125, "minY": 91.79824829101562, "maxX": 655.726318359375, "maxY": 474.0218200683594}, "class_id": 0, "box_caption": "Wooden-Pallet 0.001", "scores": {"class_score": 0.001010716543532908}, "domain": "pixel"}], "class_labels": {"0": "Wooden-Pallet"}}