{"box_data": [{"position": {"minX": 65.98472595214844, "minY": 315.3279113769531, "maxX": 499.90509033203125, "maxY": 569.4176025390625}, "class_id": 0, "box_caption": "Wooden-Pallet 0.894", "scores": {"class_score": 0.8937291502952576}, "domain": "pixel"}, {"position": {"minX": 13.183629989624023, "minY": 264.0972900390625, "maxX": 65.47022247314453, "maxY": 354.468017578125}, "class_id": 0, "box_caption": "Wooden-Pallet 0.466", "scores": {"class_score": 0.4661087095737457}, "domain": "pixel"}, {"position": {"minX": -14.35500717163086, "minY": 249.01824951171875, "maxX": 87.07450866699219, "maxY": 373.8314208984375}, "class_id": 0, "box_caption": "Wooden-Pallet 0.008", "scores": {"class_score": 0.0081951217725873}, "domain": "pixel"}, {"position": {"minX": 11.411354064941406, "minY": 286.46380615234375, "maxX": 57.692596435546875, "maxY": 367.9993896484375}, "class_id": 0, "box_caption": "Wooden-Pallet 0.003", "scores": {"class_score": 0.00313072232529521}, "domain": "pixel"}], "class_labels": {"0": "Wooden-Pallet"}}