{"box_data": [{"position": {"minX": 105.15110778808594, "minY": 370.041015625, "maxX": 597.3273315429688, "maxY": 501.7108154296875}, "class_id": 0, "box_caption": "Wooden-Pallet 0.825", "scores": {"class_score": 0.824741005897522}, "domain": "pixel"}, {"position": {"minX": 104.66781616210938, "minY": 490.6603088378906, "maxX": 588.5538330078125, "maxY": 614.6640014648438}, "class_id": 0, "box_caption": "Wooden-Pallet 0.801", "scores": {"class_score": 0.8006799221038818}, "domain": "pixel"}, {"position": {"minX": 107.09248352050781, "minY": 284.383544921875, "maxX": 605.806640625, "maxY": 402.4041748046875}, "class_id": 0, "box_caption": "Wooden-Pallet 0.794", "scores": {"class_score": 0.7941446304321289}, "domain": "pixel"}], "class_labels": {"0": "Wooden-Pallet"}}