{"box_data": [{"position": {"minX": 66.43571472167969, "minY": 315.1246337890625, "maxX": 499.6370849609375, "maxY": 546.6610717773438}, "class_id": 0, "box_caption": "Wooden-Pallet 0.945", "scores": {"class_score": 0.9451755285263062}, "domain": "pixel"}, {"position": {"minX": 13.493921279907227, "minY": 278.38763427734375, "maxX": 61.198150634765625, "maxY": 356.79583740234375}, "class_id": 0, "box_caption": "Wooden-Pallet 0.051", "scores": {"class_score": 0.051496852189302444}, "domain": "pixel"}, {"position": {"minX": 572.712646484375, "minY": 105.36351013183594, "maxX": 659.563232421875, "maxY": 577.3834228515625}, "class_id": 0, "box_caption": "Wooden-Pallet 0.001", "scores": {"class_score": 0.0010152636095881462}, "domain": "pixel"}], "class_labels": {"0": "Wooden-Pallet"}}