{"box_data": [{"position": {"minX": 67.04776000976562, "minY": 142.5251007080078, "maxX": 524.87158203125, "maxY": 380.84344482421875}, "class_id": 0, "box_caption": "Wooden-Pallet 0.920", "scores": {"class_score": 0.920329213142395}, "domain": "pixel"}, {"position": {"minX": 118.24003601074219, "minY": -8.345634460449219, "maxX": 612.4859008789062, "maxY": 202.79510498046875}, "class_id": 0, "box_caption": "Wooden-Pallet 0.001", "scores": {"class_score": 0.0014486908912658691}, "domain": "pixel"}], "class_labels": {"0": "Wooden-Pallet"}}