{"box_data": [{"position": {"minX": 44.879486083984375, "minY": 389.4481201171875, "maxX": 645.859619140625, "maxY": 553.7406616210938}, "class_id": 0, "box_caption": "Wooden-Pallet 0.921", "scores": {"class_score": 0.9208444356918335}, "domain": "pixel"}, {"position": {"minX": 610.5455322265625, "minY": 411.6850280761719, "maxX": 659.1180419921875, "maxY": 511.1661071777344}, "class_id": 0, "box_caption": "Wooden-Pallet 0.015", "scores": {"class_score": 0.014599280431866646}, "domain": "pixel"}, {"position": {"minX": 86.53480529785156, "minY": 244.84823608398438, "maxX": 591.2681274414062, "maxY": 439.5188903808594}, "class_id": 0, "box_caption": "Wooden-Pallet 0.002", "scores": {"class_score": 0.0019404625054448843}, "domain": "pixel"}], "class_labels": {"0": "Wooden-Pallet"}}