{"box_data": [{"position": {"minX": 31.154388427734375, "minY": 314.1007080078125, "maxX": 646.8822021484375, "maxY": 530.9124755859375}, "class_id": 0, "box_caption": "Wooden-Pallet 0.935", "scores": {"class_score": 0.9351068139076233}, "domain": "pixel"}, {"position": {"minX": 5.608427047729492, "minY": 12.045991897583008, "maxX": 17.713319778442383, "maxY": 54.80430603027344}, "class_id": 0, "box_caption": "Wooden-Pallet 0.002", "scores": {"class_score": 0.0017604578752070665}, "domain": "pixel"}, {"position": {"minX": 15.701053619384766, "minY": 10.796104431152344, "maxX": 45.37532043457031, "maxY": 60.31291961669922}, "class_id": 0, "box_caption": "Wooden-Pallet 0.001", "scores": {"class_score": 0.001223478582687676}, "domain": "pixel"}, {"position": {"minX": 50.726531982421875, "minY": 269.52801513671875, "maxX": 624.658447265625, "maxY": 363.14141845703125}, "class_id": 0, "box_caption": "Wooden-Pallet 0.001", "scores": {"class_score": 0.0011551228817552328}, "domain": "pixel"}], "class_labels": {"0": "Wooden-Pallet"}}