{"box_data": [{"position": {"minX": 20.01861572265625, "minY": 354.61419677734375, "maxX": 646.7850952148438, "maxY": 552.918701171875}, "class_id": 0, "box_caption": "Wooden-Pallet 0.923", "scores": {"class_score": 0.9234020709991455}, "domain": "pixel"}, {"position": {"minX": 44.950347900390625, "minY": 346.2794494628906, "maxX": 631.86376953125, "maxY": 444.3605651855469}, "class_id": 0, "box_caption": "Wooden-Pallet 0.003", "scores": {"class_score": 0.0025611664168536663}, "domain": "pixel"}], "class_labels": {"0": "Wooden-Pallet"}}