{"box_data": [{"position": {"minX": 23.59539794921875, "minY": 310.310791015625, "maxX": 662.0827026367188, "maxY": 531.4242553710938}, "class_id": 0, "box_caption": "Wooden-Pallet 0.907", "scores": {"class_score": 0.9069916605949402}, "domain": "pixel"}, {"position": {"minX": 25.136810302734375, "minY": 253.69692993164062, "maxX": 656.0469970703125, "maxY": 371.4824523925781}, "class_id": 0, "box_caption": "Wooden-Pallet 0.005", "scores": {"class_score": 0.0051768021658062935}, "domain": "pixel"}, {"position": {"minX": 129.44082641601562, "minY": 327.13873291015625, "maxX": 536.1629638671875, "maxY": 526.208251953125}, "class_id": 0, "box_caption": "Wooden-Pallet 0.002", "scores": {"class_score": 0.0017115043010562658}, "domain": "pixel"}, {"position": {"minX": 45.52809143066406, "minY": 295.5322265625, "maxX": 242.5285186767578, "maxY": 524.3407592773438}, "class_id": 0, "box_caption": "Wooden-Pallet 0.001", "scores": {"class_score": 0.0014803269878029823}, "domain": "pixel"}], "class_labels": {"0": "Wooden-Pallet"}}