{"box_data": [{"position": {"minX": 17.188140869140625, "minY": 325.4833068847656, "maxX": 660.374267578125, "maxY": 533.1461181640625}, "class_id": 0, "box_caption": "Wooden-Pallet 0.908", "scores": {"class_score": 0.9083946347236633}, "domain": "pixel"}, {"position": {"minX": 31.343231201171875, "minY": 484.4490966796875, "maxX": 641.4510498046875, "maxY": 655.4560546875}, "class_id": 0, "box_caption": "Wooden-Pallet 0.005", "scores": {"class_score": 0.005413914564996958}, "domain": "pixel"}, {"position": {"minX": 18.767940521240234, "minY": 263.41693115234375, "maxX": 134.77047729492188, "maxY": 319.0982666015625}, "class_id": 0, "box_caption": "Wooden-Pallet 0.001", "scores": {"class_score": 0.0012177983298897743}, "domain": "pixel"}, {"position": {"minX": 13.987060546875, "minY": 378.5021057128906, "maxX": 665.0655517578125, "maxY": 590.7874145507812}, "class_id": 0, "box_caption": "Wooden-Pallet 0.001", "scores": {"class_score": 0.0011441835667937994}, "domain": "pixel"}], "class_labels": {"0": "Wooden-Pallet"}}