{"box_data": [{"position": {"minX": 60.155303955078125, "minY": 370.9571533203125, "maxX": 628.9090576171875, "maxY": 635.9552001953125}, "class_id": 0, "box_caption": "Wooden-Pallet 0.937", "scores": {"class_score": 0.9372998476028442}, "domain": "pixel"}, {"position": {"minX": 96.76531982421875, "minY": 372.25531005859375, "maxX": 609.0595703125, "maxY": 462.555419921875}, "class_id": 0, "box_caption": "Wooden-Pallet 0.003", "scores": {"class_score": 0.0025637326762080193}, "domain": "pixel"}], "class_labels": {"0": "Wooden-Pallet"}}