{"box_data": [{"position": {"minX": 54.608978271484375, "minY": 382.18927001953125, "maxX": 671.548828125, "maxY": 557.4701538085938}, "class_id": 0, "box_caption": "Wooden-Pallet 0.305", "scores": {"class_score": 0.3046540915966034}, "domain": "pixel"}, {"position": {"minX": 13.079784393310547, "minY": 12.145733833312988, "maxX": 79.25675964355469, "maxY": 31.92278289794922}, "class_id": 0, "box_caption": "Wooden-Pallet 0.002", "scores": {"class_score": 0.0022784823086112738}, "domain": "pixel"}, {"position": {"minX": 82.24197387695312, "minY": 490.0989074707031, "maxX": 647.9503173828125, "maxY": 664.3660888671875}, "class_id": 0, "box_caption": "Wooden-Pallet 0.002", "scores": {"class_score": 0.0017856355989351869}, "domain": "pixel"}], "class_labels": {"0": "Wooden-Pallet"}}