{"box_data": [{"position": {"minX": 31.998992919921875, "minY": 384.07928466796875, "maxX": 642.9078369140625, "maxY": 631.4708251953125}, "class_id": 0, "box_caption": "Wooden-Pallet 0.899", "scores": {"class_score": 0.8993750810623169}, "domain": "pixel"}, {"position": {"minX": 98.93173217773438, "minY": 370.7212829589844, "maxX": 615.5113525390625, "maxY": 469.7806091308594}, "class_id": 0, "box_caption": "Wooden-Pallet 0.002", "scores": {"class_score": 0.0023165445309132338}, "domain": "pixel"}], "class_labels": {"0": "Wooden-Pallet"}}