{"best/epoch": 68, "best/precision": 0.8824472824472824, "best/recall": 0.7699504237965776, "best/mAP_0.5": 0.8735056945244313, "best/mAP_0.5:0.95": 0.7577950197280079, "Labels": {"_type": "images/separated", "width": 1600, "height": 1600, "format": "jpg", "count": 2, "filenames": ["media/images/Labels_0_0c33d1d28f2ceb9bb0e4.jpg", "media/images/Labels_0_6521b0080b7888f708a8.jpg"], "captions": ["labels.jpg", "labels_correlogram.jpg"]}, "Mosaics": {"_type": "images/separated", "width": 960, "height": 960, "format": "jpg", "count": 3, "filenames": ["media/images/Mosaics_0_2650d257f905706e63ad.jpg", "media/images/Mosaics_0_e497539866556f1820ae.jpg", "media/images/Mosaics_0_bce94c4cba44175d9a1d.jpg"], "captions": ["train_batch0.jpg", "train_batch1.jpg", "train_batch2.jpg"]}, "train/box_loss": 0.016672231256961823, "train/obj_loss": 0.00887979380786419, "train/cls_loss": 0.0, "metrics/precision": 0.9157645052915322, "metrics/recall": 0.7692307692307693, "metrics/mAP_0.5": 0.8697509335755448, "metrics/mAP_0.5:0.95": 0.7386190299733608, "val/box_loss": 0.022377556189894676, "val/obj_loss": 0.005590766668319702, "val/cls_loss": 0.0, "x/lr0": 0.0003639999999999995, "x/lr1": 0.0003639999999999995, "x/lr2": 0.0003639999999999995, "_timestamp": 1668669764.989579, "_runtime": 4637.440466880798, "_step": 74, "BoundingBoxDebugger": {"_type": "images/separated", "width": 352, "height": 352, "format": "png", "count": 16, "filenames": ["media/images/BoundingBoxDebugger_69_cd951dcd4573d1d10b6d.png", "media/images/BoundingBoxDebugger_69_e8bb3f7accab8a2e770e.png", "media/images/BoundingBoxDebugger_69_eac0ba6795e75b99fab9.png", "media/images/BoundingBoxDebugger_69_21dbd1c756b5cc5578da.png", "media/images/BoundingBoxDebugger_69_5f99e3e6b52940b6533b.png", "media/images/BoundingBoxDebugger_69_40158166f9e5665336a8.png", "media/images/BoundingBoxDebugger_69_e5eca9ceb49c5c08746f.png", "media/images/BoundingBoxDebugger_69_6b9ef9094fcf368b26b0.png", "media/images/BoundingBoxDebugger_69_81289bef7c29c4633b64.png", "media/images/BoundingBoxDebugger_69_f65ad496818736634e29.png", "media/images/BoundingBoxDebugger_69_51528a79ff3b142df368.png", "media/images/BoundingBoxDebugger_69_2991155017ddd23dcea1.png", "media/images/BoundingBoxDebugger_69_d9ecafd5bad1bd17a686.png", "media/images/BoundingBoxDebugger_69_ed6dcbb05d629742dcbb.png", "media/images/BoundingBoxDebugger_69_8e6a446b433e075405f1.png", "media/images/BoundingBoxDebugger_69_98e1d4c89dd529ba02e0.png"], "captions": ["20221018_133908_jpg.rf.a4e89818a4e807cb21ca6d219ca20551.jpg", "20221018_140217_jpg.rf.094db2b1bdfc58a9f34e46964692a1d3.jpg", "20221018_140118_jpg.rf.989c0b1f941c119da3e461ca1aebddb2.jpg", "20221018_140112_jpg.rf.b4e0ebf1aa837bc9f97879c319a7d794.jpg", "20221018_140020_jpg.rf.c07d6f177dac0eab59acf1a0bb46638d.jpg", "20221018_135945_jpg.rf.716b51f240399d3d574e4f2584064c8d.jpg", "20221018_135802_jpg.rf.e26eacd08ea0ab900cadd6bd60d1746c.jpg", "20221018_135752_jpg.rf.b4c5a21d8e47ef85210a4e60d9aa4fdb.jpg", "20221018_135737_jpg.rf.26d1e0aebf840ee640bc2d42296b034f.jpg", "20221018_135619_jpg.rf.64b8e8094c3782f45bd86ed2af446ebc.jpg", "20221018_135559_jpg.rf.a367e8effa8df355e37e487fa62f83e0.jpg", "20221018_135507_jpg.rf.9d031c4fb76eafee4ced3e20d7d93bda.jpg", "20221018_135453_jpg.rf.1cef602604c0d79a858e1331d2d075d3.jpg", "20221018_135449_jpg.rf.220e17a1380c8480bb8ce59bb6c904c3.jpg", "20221018_135158_jpg.rf.dfb95646757f7fef204ff71c70e261b8.jpg", "20221018_134811_jpg.rf.e8249d4bd07a7fd6b8d8ead61b5b1d03.jpg"], "all_boxes": [{"predictions": {"_type": "boxes2D", "sha256": "6fa470265919d379d45b29250950d8c4ba3d5985d50d37ff95dae432a906e72a", "size": 3838, "path": "media/metadata/boxes2D/BoundingBoxDebugger_69_6fa470265919d379d45b.boxes2D.json"}}, {"predictions": {"_type": "boxes2D", "sha256": "63ecbeced1becc56b007430dd563d7bafdbb4c979ec53b7562e45eba58557faa", "size": 449, "path": "media/metadata/boxes2D/BoundingBoxDebugger_69_63ecbeced1becc56b007.boxes2D.json"}}, {"predictions": {"_type": "boxes2D", "sha256": "20756ded4bf11ecbb49e1a268ef0a9e6b321ba4585a579c0b10664eaab807d40", "size": 1444, "path": "media/metadata/boxes2D/BoundingBoxDebugger_69_20756ded4bf11ecbb49e.boxes2D.json"}}, {"predictions": {"_type": "boxes2D", "sha256": "27ae3cf05763e5349847d8a993f190c5a320d44efe0302206695628a3b235f99", "size": 1656, "path": "media/metadata/boxes2D/BoundingBoxDebugger_69_27ae3cf05763e5349847.boxes2D.json"}}, {"predictions": {"_type": "boxes2D", "sha256": "92cb46ad7f527d49b39e2eb4b905ae3cd8d35f51d17006abaa2b8d0e10089f8c", "size": 3280, "path": "media/metadata/boxes2D/BoundingBoxDebugger_69_92cb46ad7f527d49b39e.boxes2D.json"}}, {"predictions": {"_type": "boxes2D", "sha256": "0af5044f8d5353fc35643299cc69130bf85c4f0c962e74d4d4b8a5d03e7ead8b", "size": 450, "path": "media/metadata/boxes2D/BoundingBoxDebugger_69_0af5044f8d5353fc3564.boxes2D.json"}}, {"predictions": {"_type": "boxes2D", "sha256": "eac327578b1e0239748f4fb81b395549cb05c47a96703d2030b9391ab219da44", "size": 4051, "path": "media/metadata/boxes2D/BoundingBoxDebugger_69_eac327578b1e0239748f.boxes2D.json"}}, {"predictions": {"_type": "boxes2D", "sha256": "2ed93291b455309fb323ce0bae1a43602b97d579cf56425951eca2720f508dab", "size": 2048, "path": "media/metadata/boxes2D/BoundingBoxDebugger_69_2ed93291b455309fb323.boxes2D.json"}}, {"predictions": {"_type": "boxes2D", "sha256": "b67e64d002f70e8da08fb19fdb2c6380e99d9c7b53b69d01e62db652f8b22fd6", "size": 1438, "path": "media/metadata/boxes2D/BoundingBoxDebugger_69_b67e64d002f70e8da08f.boxes2D.json"}}, {"predictions": {"_type": "boxes2D", "sha256": "5331aab845c309c02de7212dc8b880900d5580427f854b8c0fe26da701ce8447", "size": 3791, "path": "media/metadata/boxes2D/BoundingBoxDebugger_69_5331aab845c309c02de7.boxes2D.json"}}, {"predictions": {"_type": "boxes2D", "sha256": "5badaa47c5d3cdc56adf38e22a0cd8acb877175115286bc3caac388c836ffb5d", "size": 4995, "path": "media/metadata/boxes2D/BoundingBoxDebugger_69_5badaa47c5d3cdc56adf.boxes2D.json"}}, {"predictions": {"_type": "boxes2D", "sha256": "035e6d906ae0b1994682a32edeff2070c7c4e462f314ff3538687e5f2fd345c8", "size": 3249, "path": "media/metadata/boxes2D/BoundingBoxDebugger_69_035e6d906ae0b1994682.boxes2D.json"}}, {"predictions": {"_type": "boxes2D", "sha256": "4b9a631e3350c9571f29d17c0cb595ebb6cb4c371dbbf1fe3bc57e92d4a7b009", "size": 5248, "path": "media/metadata/boxes2D/BoundingBoxDebugger_69_4b9a631e3350c9571f29.boxes2D.json"}}, {"predictions": {"_type": "boxes2D", "sha256": "7809c977f24fcd69781c66d2cd2b1ecbed73173b9ccc8079695d2ab08234cf6e", "size": 3041, "path": "media/metadata/boxes2D/BoundingBoxDebugger_69_7809c977f24fcd69781c.boxes2D.json"}}, {"predictions": {"_type": "boxes2D", "sha256": "5aafb90e773ff06e5bdf00ec8d586bccf078b32930ba1e99418544a05c560336", "size": 2250, "path": "media/metadata/boxes2D/BoundingBoxDebugger_69_5aafb90e773ff06e5bdf.boxes2D.json"}}, {"predictions": {"_type": "boxes2D", "sha256": "bf0a52f2c2d0bdf691fcb03fbe9088823d5fd40fab416f89c44ca80d57eacd21", "size": 849, "path": "media/metadata/boxes2D/BoundingBoxDebugger_69_bf0a52f2c2d0bdf691fc.boxes2D.json"}}]}, "_wandb": {"runtime": 4643}}