{"best/epoch": 99, "best/precision": 0.9691274852565175, "best/recall": 0.8050929341251922, "best/mAP_0.5": 0.868463160826437, "best/mAP_0.5:0.95": 0.6927103256745661, "Labels": {"_type": "images/separated", "width": 1600, "height": 1600, "format": "jpg", "count": 2, "filenames": ["media/images/Labels_0_0c33d1d28f2ceb9bb0e4.jpg", "media/images/Labels_0_6521b0080b7888f708a8.jpg"], "captions": ["labels.jpg", "labels_correlogram.jpg"]}, "Mosaics": {"_type": "images/separated", "width": 960, "height": 960, "format": "jpg", "count": 3, "filenames": ["media/images/Mosaics_0_2650d257f905706e63ad.jpg", "media/images/Mosaics_0_e497539866556f1820ae.jpg", "media/images/Mosaics_0_bce94c4cba44175d9a1d.jpg"], "captions": ["train_batch0.jpg", "train_batch1.jpg", "train_batch2.jpg"]}, "train/box_loss": 0.021373262628912926, "train/obj_loss": 0.010764406993985176, "train/cls_loss": 0.0, "metrics/precision": 0.9691274852565175, "metrics/recall": 0.8050929341251922, "metrics/mAP_0.5": 0.868463160826437, "metrics/mAP_0.5:0.95": 0.6927103256745661, "val/box_loss": 0.024486497044563293, "val/obj_loss": 0.005731672048568726, "val/cls_loss": 0.0, "x/lr0": 0.0002980000000000002, "x/lr1": 0.0002980000000000002, "x/lr2": 0.0002980000000000002, "_timestamp": 1668686947.5708458, "_runtime": 1505.6395769119263, "_step": 99, "BoundingBoxDebugger": {"_type": "images/separated", "width": 352, "height": 352, "format": "png", "count": 16, "filenames": ["media/images/BoundingBoxDebugger_99_cd951dcd4573d1d10b6d.png", "media/images/BoundingBoxDebugger_99_e8bb3f7accab8a2e770e.png", "media/images/BoundingBoxDebugger_99_eac0ba6795e75b99fab9.png", "media/images/BoundingBoxDebugger_99_21dbd1c756b5cc5578da.png", "media/images/BoundingBoxDebugger_99_5f99e3e6b52940b6533b.png", "media/images/BoundingBoxDebugger_99_40158166f9e5665336a8.png", "media/images/BoundingBoxDebugger_99_e5eca9ceb49c5c08746f.png", "media/images/BoundingBoxDebugger_99_6b9ef9094fcf368b26b0.png", "media/images/BoundingBoxDebugger_99_81289bef7c29c4633b64.png", "media/images/BoundingBoxDebugger_99_f65ad496818736634e29.png", "media/images/BoundingBoxDebugger_99_51528a79ff3b142df368.png", "media/images/BoundingBoxDebugger_99_2991155017ddd23dcea1.png", "media/images/BoundingBoxDebugger_99_d9ecafd5bad1bd17a686.png", "media/images/BoundingBoxDebugger_99_ed6dcbb05d629742dcbb.png", "media/images/BoundingBoxDebugger_99_8e6a446b433e075405f1.png", "media/images/BoundingBoxDebugger_99_98e1d4c89dd529ba02e0.png"], "captions": ["20221018_133908_jpg.rf.a4e89818a4e807cb21ca6d219ca20551.jpg", "20221018_140217_jpg.rf.094db2b1bdfc58a9f34e46964692a1d3.jpg", "20221018_140118_jpg.rf.989c0b1f941c119da3e461ca1aebddb2.jpg", "20221018_140112_jpg.rf.b4e0ebf1aa837bc9f97879c319a7d794.jpg", "20221018_140020_jpg.rf.c07d6f177dac0eab59acf1a0bb46638d.jpg", "20221018_135945_jpg.rf.716b51f240399d3d574e4f2584064c8d.jpg", "20221018_135802_jpg.rf.e26eacd08ea0ab900cadd6bd60d1746c.jpg", "20221018_135752_jpg.rf.b4c5a21d8e47ef85210a4e60d9aa4fdb.jpg", "20221018_135737_jpg.rf.26d1e0aebf840ee640bc2d42296b034f.jpg", "20221018_135619_jpg.rf.64b8e8094c3782f45bd86ed2af446ebc.jpg", "20221018_135559_jpg.rf.a367e8effa8df355e37e487fa62f83e0.jpg", "20221018_135507_jpg.rf.9d031c4fb76eafee4ced3e20d7d93bda.jpg", "20221018_135453_jpg.rf.1cef602604c0d79a858e1331d2d075d3.jpg", "20221018_135449_jpg.rf.220e17a1380c8480bb8ce59bb6c904c3.jpg", "20221018_135158_jpg.rf.dfb95646757f7fef204ff71c70e261b8.jpg", "20221018_134811_jpg.rf.e8249d4bd07a7fd6b8d8ead61b5b1d03.jpg"], "all_boxes": [{"predictions": {"_type": "boxes2D", "sha256": "c92df3034499afb960edff1d001a0b6ae1be558db970660de11f000877dba9c6", "size": 1870, "path": "media/metadata/boxes2D/BoundingBoxDebugger_99_c92df3034499afb960ed.boxes2D.json"}}, {"predictions": {"_type": "boxes2D", "sha256": "fd8a0e38a37b95a510de27797814c55bdf4928a4360b77561a859cc3df5d42f3", "size": 3070, "path": "media/metadata/boxes2D/BoundingBoxDebugger_99_fd8a0e38a37b95a510de.boxes2D.json"}}, {"predictions": {"_type": "boxes2D", "sha256": "d9ac4c766e5cb6f0df4cae919ae9581e4cae840a8dbac2a546abeef46a019c52", "size": 4662, "path": "media/metadata/boxes2D/BoundingBoxDebugger_99_d9ac4c766e5cb6f0df4c.boxes2D.json"}}, {"predictions": {"_type": "boxes2D", "sha256": "630b14aaa4f2276878025ef256d6151488f4e5ca83cd28fd1ee17ef3aa1c7271", "size": 6110, "path": "media/metadata/boxes2D/BoundingBoxDebugger_99_630b14aaa4f227687802.boxes2D.json"}}, {"predictions": {"_type": "boxes2D", "sha256": "c53c4fa1111884721a5351ce890bf5e001c0c84ac5cefae8327ae7210567b18b", "size": 10294, "path": "media/metadata/boxes2D/BoundingBoxDebugger_99_c53c4fa1111884721a53.boxes2D.json"}}, {"predictions": {"_type": "boxes2D", "sha256": "c069df0be59b6006597c6ac99b09c6c5915e71a56fbedb92c303799d581e9ff8", "size": 445, "path": "media/metadata/boxes2D/BoundingBoxDebugger_99_c069df0be59b6006597c.boxes2D.json"}}, {"predictions": {"_type": "boxes2D", "sha256": "35b09d55a2f45a6cdf7e1dac20ae708daba7d1f294201519712160c54d7cd4c2", "size": 4054, "path": "media/metadata/boxes2D/BoundingBoxDebugger_99_35b09d55a2f45a6cdf7e.boxes2D.json"}}, {"predictions": {"_type": "boxes2D", "sha256": "34ff27691475a509ca82f6a03c738571af6c0aa58d84e07d6318ae1c8645464e", "size": 3067, "path": "media/metadata/boxes2D/BoundingBoxDebugger_99_34ff27691475a509ca82.boxes2D.json"}}, {"predictions": {"_type": "boxes2D", "sha256": "f4061c6825d1e1f9238c2f8911019b281debd1281f1e1e9faeee882032a60046", "size": 5103, "path": "media/metadata/boxes2D/BoundingBoxDebugger_99_f4061c6825d1e1f9238c.boxes2D.json"}}, {"predictions": {"_type": "boxes2D", "sha256": "5ffbbd324091d676a170761f09861c28ce65d587d302a06927eebea412ba234f", "size": 3421, "path": "media/metadata/boxes2D/BoundingBoxDebugger_99_5ffbbd324091d676a170.boxes2D.json"}}, {"predictions": {"_type": "boxes2D", "sha256": "08400ff0c96492ac417678c9d6538b20ce28f18fa99571173dd0f843bde094ac", "size": 4817, "path": "media/metadata/boxes2D/BoundingBoxDebugger_99_08400ff0c96492ac4176.boxes2D.json"}}, {"predictions": {"_type": "boxes2D", "sha256": "11fe7f8d452b3a7b64469813c456217d8150da02640924487a7118e3b5fa7dbe", "size": 2444, "path": "media/metadata/boxes2D/BoundingBoxDebugger_99_11fe7f8d452b3a7b6446.boxes2D.json"}}, {"predictions": {"_type": "boxes2D", "sha256": "627e687e7406033a2ac6048ff375a5587f3369961067ae98fd91b5375be6832f", "size": 3835, "path": "media/metadata/boxes2D/BoundingBoxDebugger_99_627e687e7406033a2ac6.boxes2D.json"}}, {"predictions": {"_type": "boxes2D", "sha256": "fb3fab11a71d8290451727c9b29efd3349a9ad8c47ac7edeca6817ba1ff409ba", "size": 1658, "path": "media/metadata/boxes2D/BoundingBoxDebugger_99_fb3fab11a71d82904517.boxes2D.json"}}, {"predictions": {"_type": "boxes2D", "sha256": "d2af12ef419842f1ffaae636dad637104be2fab53d8ba7df4751f8809450c231", "size": 1273, "path": "media/metadata/boxes2D/BoundingBoxDebugger_99_d2af12ef419842f1ffaa.boxes2D.json"}}, {"predictions": {"_type": "boxes2D", "sha256": "eddf56afeda9eae23ef42454f8dc1952e6168a996d301d956d3521793a5ebd5e", "size": 4509, "path": "media/metadata/boxes2D/BoundingBoxDebugger_99_eddf56afeda9eae23ef4.boxes2D.json"}}]}}