{"best/epoch": 54, "best/precision": 0.9097732610804506, "best/recall": 0.775774349848424, "best/mAP_0.5": 0.8550403381259778, "best/mAP_0.5:0.95": 0.6851861076187761, "Labels": {"_type": "images/separated", "width": 1600, "height": 1600, "format": "jpg", "count": 2, "filenames": ["media/images/Labels_0_0c33d1d28f2ceb9bb0e4.jpg", "media/images/Labels_0_6521b0080b7888f708a8.jpg"], "captions": ["labels.jpg", "labels_correlogram.jpg"]}, "Mosaics": {"_type": "images/separated", "width": 1280, "height": 1280, "format": "jpg", "count": 3, "filenames": ["media/images/Mosaics_0_2a0a8a21d9d8adb7d0ad.jpg", "media/images/Mosaics_0_a5bf22c715f82611ef89.jpg", "media/images/Mosaics_0_4bc0f59170a2f9afc030.jpg"], "captions": ["train_batch0.jpg", "train_batch1.jpg", "train_batch2.jpg"]}, "train/box_loss": 0.01909528113901615, "train/obj_loss": 0.009954884648323059, "train/cls_loss": 0.0, "metrics/precision": 0.813272421352254, "metrics/recall": 0.7948717948717948, "metrics/mAP_0.5": 0.819505792737965, "metrics/mAP_0.5:0.95": 0.6434827234919275, "val/box_loss": 0.02974085323512554, "val/obj_loss": 0.005682468414306641, "val/cls_loss": 0.0, "x/lr0": 0.0003639999999999995, "x/lr1": 0.0003639999999999995, "x/lr2": 0.0003639999999999995, "_timestamp": 1668612845.581948, "_runtime": 1668.1968851089478, "_step": 74, "BoundingBoxDebugger": {"_type": "images/separated", "width": 352, "height": 352, "format": "png", "count": 16, "filenames": ["media/images/BoundingBoxDebugger_69_cd951dcd4573d1d10b6d.png", "media/images/BoundingBoxDebugger_69_e8bb3f7accab8a2e770e.png", "media/images/BoundingBoxDebugger_69_eac0ba6795e75b99fab9.png", "media/images/BoundingBoxDebugger_69_21dbd1c756b5cc5578da.png", "media/images/BoundingBoxDebugger_69_5f99e3e6b52940b6533b.png", "media/images/BoundingBoxDebugger_69_40158166f9e5665336a8.png", "media/images/BoundingBoxDebugger_69_e5eca9ceb49c5c08746f.png", "media/images/BoundingBoxDebugger_69_6b9ef9094fcf368b26b0.png", "media/images/BoundingBoxDebugger_69_81289bef7c29c4633b64.png", "media/images/BoundingBoxDebugger_69_f65ad496818736634e29.png", "media/images/BoundingBoxDebugger_69_51528a79ff3b142df368.png", "media/images/BoundingBoxDebugger_69_2991155017ddd23dcea1.png", "media/images/BoundingBoxDebugger_69_d9ecafd5bad1bd17a686.png", "media/images/BoundingBoxDebugger_69_ed6dcbb05d629742dcbb.png", "media/images/BoundingBoxDebugger_69_8e6a446b433e075405f1.png", "media/images/BoundingBoxDebugger_69_98e1d4c89dd529ba02e0.png"], "captions": ["20221018_133908_jpg.rf.a4e89818a4e807cb21ca6d219ca20551.jpg", "20221018_140217_jpg.rf.094db2b1bdfc58a9f34e46964692a1d3.jpg", "20221018_140118_jpg.rf.989c0b1f941c119da3e461ca1aebddb2.jpg", "20221018_140112_jpg.rf.b4e0ebf1aa837bc9f97879c319a7d794.jpg", "20221018_140020_jpg.rf.c07d6f177dac0eab59acf1a0bb46638d.jpg", "20221018_135945_jpg.rf.716b51f240399d3d574e4f2584064c8d.jpg", "20221018_135802_jpg.rf.e26eacd08ea0ab900cadd6bd60d1746c.jpg", "20221018_135752_jpg.rf.b4c5a21d8e47ef85210a4e60d9aa4fdb.jpg", "20221018_135737_jpg.rf.26d1e0aebf840ee640bc2d42296b034f.jpg", "20221018_135619_jpg.rf.64b8e8094c3782f45bd86ed2af446ebc.jpg", "20221018_135559_jpg.rf.a367e8effa8df355e37e487fa62f83e0.jpg", "20221018_135507_jpg.rf.9d031c4fb76eafee4ced3e20d7d93bda.jpg", "20221018_135453_jpg.rf.1cef602604c0d79a858e1331d2d075d3.jpg", "20221018_135449_jpg.rf.220e17a1380c8480bb8ce59bb6c904c3.jpg", "20221018_135158_jpg.rf.dfb95646757f7fef204ff71c70e261b8.jpg", "20221018_134811_jpg.rf.e8249d4bd07a7fd6b8d8ead61b5b1d03.jpg"], "all_boxes": [{"predictions": {"_type": "boxes2D", "sha256": "5e6ad8c91c3667063861fd2a0e9198e62eb70b40254cc7b8f8e4435931c9188d", "size": 3663, "path": "media/metadata/boxes2D/BoundingBoxDebugger_69_5e6ad8c91c3667063861.boxes2D.json"}}, {"predictions": {"_type": "boxes2D", "sha256": "24028086e7ee0b4eca0820804837f65b858499e2c824907d60d2cd1bac335f39", "size": 3890, "path": "media/metadata/boxes2D/BoundingBoxDebugger_69_24028086e7ee0b4eca08.boxes2D.json"}}, {"predictions": {"_type": "boxes2D", "sha256": "646d55f377131317f86ea10186f6edea20313822695cd423c1b34a5783ec0740", "size": 4280, "path": "media/metadata/boxes2D/BoundingBoxDebugger_69_646d55f377131317f86e.boxes2D.json"}}, {"predictions": {"_type": "boxes2D", "sha256": "48a0a37d144570a50f95740925d6ff83e8e2f344475aa22fb70b0f24e1ae4e01", "size": 5106, "path": "media/metadata/boxes2D/BoundingBoxDebugger_69_48a0a37d144570a50f95.boxes2D.json"}}, {"predictions": {"_type": "boxes2D", "sha256": "e849a6088af0792ba144621cadf3a9c6dce0b3cfaa7acb0d6b9fed7a651be1ca", "size": 4902, "path": "media/metadata/boxes2D/BoundingBoxDebugger_69_e849a6088af0792ba144.boxes2D.json"}}, {"predictions": {"_type": "boxes2D", "sha256": "886bf793a35c2665395d5b662f08315c889d11d23a677a6cfff2b5865681a557", "size": 3677, "path": "media/metadata/boxes2D/BoundingBoxDebugger_69_886bf793a35c2665395d.boxes2D.json"}}, {"predictions": {"_type": "boxes2D", "sha256": "c3ee96b10030f264adac6cdf97db429c416e7a5de70a625661cd26039fa8daa6", "size": 3867, "path": "media/metadata/boxes2D/BoundingBoxDebugger_69_c3ee96b10030f264adac.boxes2D.json"}}, {"predictions": {"_type": "boxes2D", "sha256": "aef08416946065f3f7e4e769233ccb02885b82f379ec4859d6d2f384a148bb66", "size": 5072, "path": "media/metadata/boxes2D/BoundingBoxDebugger_69_aef08416946065f3f7e4.boxes2D.json"}}, {"predictions": {"_type": "boxes2D", "sha256": "aca14803973e8beb2177ef64b906c2b0cf4ed9040ed7fdbd9b6dc98e09d97d37", "size": 8534, "path": "media/metadata/boxes2D/BoundingBoxDebugger_69_aca14803973e8beb2177.boxes2D.json"}}, {"predictions": {"_type": "boxes2D", "sha256": "77765a13cab299551bbebd3553a77f3a6eb7a53c33f9210ec2b37d5eb7ff6c7a", "size": 6193, "path": "media/metadata/boxes2D/BoundingBoxDebugger_69_77765a13cab299551bbe.boxes2D.json"}}, {"predictions": {"_type": "boxes2D", "sha256": "c387bd83deabef66ac0f0093adfe4eb4887e204db9757a4f889d4823fee5aefa", "size": 5591, "path": "media/metadata/boxes2D/BoundingBoxDebugger_69_c387bd83deabef66ac0f.boxes2D.json"}}, {"predictions": {"_type": "boxes2D", "sha256": "a33370c85719e19b8a890edaeb02bb542f451d0e049e93374695cfa621efb65a", "size": 2834, "path": "media/metadata/boxes2D/BoundingBoxDebugger_69_a33370c85719e19b8a89.boxes2D.json"}}, {"predictions": {"_type": "boxes2D", "sha256": "959fd19a0617a57d8e95587b0492c6d55ba47252d679a6d7ff8ffadc34861770", "size": 2450, "path": "media/metadata/boxes2D/BoundingBoxDebugger_69_959fd19a0617a57d8e95.boxes2D.json"}}, {"predictions": {"_type": "boxes2D", "sha256": "35f7e937f0fe670b52e823eeaf881b8a73767dab2a992bce7012341a13066ba3", "size": 5312, "path": "media/metadata/boxes2D/BoundingBoxDebugger_69_35f7e937f0fe670b52e8.boxes2D.json"}}, {"predictions": {"_type": "boxes2D", "sha256": "672639ffc00049270258a3daffb1dac4807a684ab879f8b56d82ca436e6aaf4e", "size": 5063, "path": "media/metadata/boxes2D/BoundingBoxDebugger_69_672639ffc00049270258.boxes2D.json"}}, {"predictions": {"_type": "boxes2D", "sha256": "8f5741c4f919ad68cd723555bedebeb8f213517c407d0df19957da702931c430", "size": 11128, "path": "media/metadata/boxes2D/BoundingBoxDebugger_69_8f5741c4f919ad68cd72.boxes2D.json"}}]}}