{"best/epoch": 45, "best/precision": 0.8968795027274559, "best/recall": 0.8205128205128205, "best/mAP_0.5": 0.8919287918545885, "best/mAP_0.5:0.95": 0.7346471008995576, "Labels": {"_type": "images/separated", "width": 1600, "height": 1600, "format": "jpg", "count": 2, "filenames": ["media/images/Labels_0_0c33d1d28f2ceb9bb0e4.jpg", "media/images/Labels_0_6521b0080b7888f708a8.jpg"], "captions": ["labels.jpg", "labels_correlogram.jpg"]}, "Mosaics": {"_type": "images/separated", "width": 1280, "height": 1280, "format": "jpg", "count": 3, "filenames": ["media/images/Mosaics_0_2a0a8a21d9d8adb7d0ad.jpg", "media/images/Mosaics_0_a5bf22c715f82611ef89.jpg", "media/images/Mosaics_0_4bc0f59170a2f9afc030.jpg"], "captions": ["train_batch0.jpg", "train_batch1.jpg", "train_batch2.jpg"]}, "train/box_loss": 0.02066376805305481, "train/obj_loss": 0.01140724215656519, "train/cls_loss": 0.0, "metrics/precision": 0.8980444408372337, "metrics/recall": 0.8461538461538461, "metrics/mAP_0.5": 0.8851515033897012, "metrics/mAP_0.5:0.95": 0.714258996164238, "val/box_loss": 0.028429320082068443, "val/obj_loss": 0.004868149757385254, "val/cls_loss": 0.0, "x/lr0": 0.0004960000000000005, "x/lr1": 0.0004960000000000005, "x/lr2": 0.0004960000000000005, "_timestamp": 1668635068.5968854, "_runtime": 1363.2441673278809, "_step": 49, "BoundingBoxDebugger": {"_type": "images/separated", "width": 352, "height": 352, "format": "png", "count": 16, "filenames": ["media/images/BoundingBoxDebugger_49_cd951dcd4573d1d10b6d.png", "media/images/BoundingBoxDebugger_49_e8bb3f7accab8a2e770e.png", "media/images/BoundingBoxDebugger_49_eac0ba6795e75b99fab9.png", "media/images/BoundingBoxDebugger_49_21dbd1c756b5cc5578da.png", "media/images/BoundingBoxDebugger_49_5f99e3e6b52940b6533b.png", "media/images/BoundingBoxDebugger_49_40158166f9e5665336a8.png", "media/images/BoundingBoxDebugger_49_e5eca9ceb49c5c08746f.png", "media/images/BoundingBoxDebugger_49_6b9ef9094fcf368b26b0.png", "media/images/BoundingBoxDebugger_49_81289bef7c29c4633b64.png", "media/images/BoundingBoxDebugger_49_f65ad496818736634e29.png", "media/images/BoundingBoxDebugger_49_51528a79ff3b142df368.png", "media/images/BoundingBoxDebugger_49_2991155017ddd23dcea1.png", "media/images/BoundingBoxDebugger_49_d9ecafd5bad1bd17a686.png", "media/images/BoundingBoxDebugger_49_ed6dcbb05d629742dcbb.png", "media/images/BoundingBoxDebugger_49_8e6a446b433e075405f1.png", "media/images/BoundingBoxDebugger_49_98e1d4c89dd529ba02e0.png"], "captions": ["20221018_133908_jpg.rf.a4e89818a4e807cb21ca6d219ca20551.jpg", "20221018_140217_jpg.rf.094db2b1bdfc58a9f34e46964692a1d3.jpg", "20221018_140118_jpg.rf.989c0b1f941c119da3e461ca1aebddb2.jpg", "20221018_140112_jpg.rf.b4e0ebf1aa837bc9f97879c319a7d794.jpg", "20221018_140020_jpg.rf.c07d6f177dac0eab59acf1a0bb46638d.jpg", "20221018_135945_jpg.rf.716b51f240399d3d574e4f2584064c8d.jpg", "20221018_135802_jpg.rf.e26eacd08ea0ab900cadd6bd60d1746c.jpg", "20221018_135752_jpg.rf.b4c5a21d8e47ef85210a4e60d9aa4fdb.jpg", "20221018_135737_jpg.rf.26d1e0aebf840ee640bc2d42296b034f.jpg", "20221018_135619_jpg.rf.64b8e8094c3782f45bd86ed2af446ebc.jpg", "20221018_135559_jpg.rf.a367e8effa8df355e37e487fa62f83e0.jpg", "20221018_135507_jpg.rf.9d031c4fb76eafee4ced3e20d7d93bda.jpg", "20221018_135453_jpg.rf.1cef602604c0d79a858e1331d2d075d3.jpg", "20221018_135449_jpg.rf.220e17a1380c8480bb8ce59bb6c904c3.jpg", "20221018_135158_jpg.rf.dfb95646757f7fef204ff71c70e261b8.jpg", "20221018_134811_jpg.rf.e8249d4bd07a7fd6b8d8ead61b5b1d03.jpg"], "all_boxes": [{"predictions": {"_type": "boxes2D", "sha256": "c8eae7c0e25469ef2744b630f46e229a5ba148fb149a55fac738b685002bdca4", "size": 11864, "path": "media/metadata/boxes2D/BoundingBoxDebugger_49_c8eae7c0e25469ef2744.boxes2D.json"}}, {"predictions": {"_type": "boxes2D", "sha256": "b2c84eff9334f30ce4f6690a0d550fa98929e34256aa4c6c4fd051969f2734d3", "size": 5881, "path": "media/metadata/boxes2D/BoundingBoxDebugger_49_b2c84eff9334f30ce4f6.boxes2D.json"}}, {"predictions": {"_type": "boxes2D", "sha256": "ae0ff6f232357b73ad45b07b8590c2445cbf39ef98ba5e2411d25a3d0a460ac2", "size": 12975, "path": "media/metadata/boxes2D/BoundingBoxDebugger_49_ae0ff6f232357b73ad45.boxes2D.json"}}, {"predictions": {"_type": "boxes2D", "sha256": "7e11307bc32a348862bb933dd47b12346ca9d8b2bd4f65b7951059e2c76138f6", "size": 11143, "path": "media/metadata/boxes2D/BoundingBoxDebugger_49_7e11307bc32a348862bb.boxes2D.json"}}, {"predictions": {"_type": "boxes2D", "sha256": "d5685c01e6057e6eaaf86ff0cc2d484637db3eeffd9f62a68445ac015c56094e", "size": 10971, "path": "media/metadata/boxes2D/BoundingBoxDebugger_49_d5685c01e6057e6eaaf8.boxes2D.json"}}, {"predictions": {"_type": "boxes2D", "sha256": "48eee4b88913e272dc057a026b3271a3cbdd72c574334ac699e8f9ac40e82f7c", "size": 18371, "path": "media/metadata/boxes2D/BoundingBoxDebugger_49_48eee4b88913e272dc05.boxes2D.json"}}, {"predictions": {"_type": "boxes2D", "sha256": "8a7f21131dddbe40a33d1ef69bacb3bee4cf0ca18ad00d83ce62b51a10aea617", "size": 4852, "path": "media/metadata/boxes2D/BoundingBoxDebugger_49_8a7f21131dddbe40a33d.boxes2D.json"}}, {"predictions": {"_type": "boxes2D", "sha256": "b78d076e0210e159a19b968b611e709d0a17674d3111231207bad98f78a938ad", "size": 10540, "path": "media/metadata/boxes2D/BoundingBoxDebugger_49_b78d076e0210e159a19b.boxes2D.json"}}, {"predictions": {"_type": "boxes2D", "sha256": "1df9c86d633b3869423a275318391289d816c2eae40692a90f91e0200fa6062b", "size": 19644, "path": "media/metadata/boxes2D/BoundingBoxDebugger_49_1df9c86d633b3869423a.boxes2D.json"}}, {"predictions": {"_type": "boxes2D", "sha256": "035a68c9ce64f78c17eaa9983194320e630cea9e50ffb69e7f4f0acb6e58110f", "size": 7594, "path": "media/metadata/boxes2D/BoundingBoxDebugger_49_035a68c9ce64f78c17ea.boxes2D.json"}}, {"predictions": {"_type": "boxes2D", "sha256": "c72b9ae6813a97790291e99e1425a80c410e76869cf8aea45709fc419fd988d5", "size": 7627, "path": "media/metadata/boxes2D/BoundingBoxDebugger_49_c72b9ae6813a97790291.boxes2D.json"}}, {"predictions": {"_type": "boxes2D", "sha256": "c17769814117dbc62490ef286fd82b8b0833d4710da586ef44a7983532fd9737", "size": 6669, "path": "media/metadata/boxes2D/BoundingBoxDebugger_49_c17769814117dbc62490.boxes2D.json"}}, {"predictions": {"_type": "boxes2D", "sha256": "056720666266f2a5b5f3663b8d7ddc03963533cd35fba1b7267bfcb160e8e6b7", "size": 6063, "path": "media/metadata/boxes2D/BoundingBoxDebugger_49_056720666266f2a5b5f3.boxes2D.json"}}, {"predictions": {"_type": "boxes2D", "sha256": "c7db97746dcb00c46e4fb7988e0adc62165432867e1e72607e53770774297f9b", "size": 6094, "path": "media/metadata/boxes2D/BoundingBoxDebugger_49_c7db97746dcb00c46e4f.boxes2D.json"}}, {"predictions": {"_type": "boxes2D", "sha256": "55f50dc54ceef9f8afa91e22187ffb59c82abc302cc8efb21b9b17dfd234d593", "size": 22651, "path": "media/metadata/boxes2D/BoundingBoxDebugger_49_55f50dc54ceef9f8afa9.boxes2D.json"}}, {"predictions": {"_type": "boxes2D", "sha256": "214c38ce3fa47d15627e439da230d27b07fc9652231fbf8e4bfde172d18c0166", "size": 10130, "path": "media/metadata/boxes2D/BoundingBoxDebugger_49_214c38ce3fa47d15627e.boxes2D.json"}}]}}