{"best/epoch": 77, "best/precision": 0.8895416036533523, "best/recall": 0.8205128205128205, "best/mAP_0.5": 0.8785466802579408, "best/mAP_0.5:0.95": 0.6588051718777913, "Labels": {"_type": "images/separated", "width": 1600, "height": 1600, "format": "jpg", "count": 2, "filenames": ["media/images/Labels_0_0c33d1d28f2ceb9bb0e4.jpg", "media/images/Labels_0_6521b0080b7888f708a8.jpg"], "captions": ["labels.jpg", "labels_correlogram.jpg"]}, "Mosaics": {"_type": "images/separated", "width": 1920, "height": 1920, "format": "jpg", "count": 3, "filenames": ["media/images/Mosaics_0_50555bd9d2a59afb2538.jpg", "media/images/Mosaics_0_f1a91e91bf5ccc17c1b6.jpg", "media/images/Mosaics_0_043cfa67643ac781cbdb.jpg"], "captions": ["train_batch0.jpg", "train_batch1.jpg", "train_batch2.jpg"]}, "train/box_loss": 0.01756812445819378, "train/obj_loss": 0.009536542929708958, "train/cls_loss": 0.0, "metrics/precision": 1.0, "metrics/recall": 0.6724666674227177, "metrics/mAP_0.5": 0.8474137748016847, "metrics/mAP_0.5:0.95": 0.6421085187576216, "val/box_loss": 0.026485104113817215, "val/obj_loss": 0.00563525315374136, "val/cls_loss": 0.0, "x/lr0": 0.0002980000000000002, "x/lr1": 0.0002980000000000002, "x/lr2": 0.0002980000000000002, "_timestamp": 1668324520.4160724, "_runtime": 53953.111119270325, "_step": 99, "BoundingBoxDebugger": {"_type": "images/separated", "width": 672, "height": 672, "format": "png", "count": 16, "filenames": ["media/images/BoundingBoxDebugger_99_d8fb4a2084559e27ae54.png", "media/images/BoundingBoxDebugger_99_808231df3c941c73e6c2.png", "media/images/BoundingBoxDebugger_99_6ba7805403d2e053e0c2.png", "media/images/BoundingBoxDebugger_99_cd90a3f7e9aa3d704091.png", "media/images/BoundingBoxDebugger_99_d39e2cae35bff38d40af.png", "media/images/BoundingBoxDebugger_99_9845287211282da2b861.png", "media/images/BoundingBoxDebugger_99_10eddf49206e45f6dd66.png", "media/images/BoundingBoxDebugger_99_8331bc57052ab7f7847a.png", "media/images/BoundingBoxDebugger_99_e93e820b02c8d113fff9.png", "media/images/BoundingBoxDebugger_99_205d03ace1ebf7aab9e5.png", "media/images/BoundingBoxDebugger_99_d96f5e0157b8c4b58b1f.png", "media/images/BoundingBoxDebugger_99_9391b2ce1fa5c6afff7a.png", "media/images/BoundingBoxDebugger_99_9992bbda5d4bca9257d6.png", "media/images/BoundingBoxDebugger_99_a5a45870bd6b480539ed.png", "media/images/BoundingBoxDebugger_99_d710e3237c53df1b79a0.png", "media/images/BoundingBoxDebugger_99_79027b384320d9d3426e.png"], "captions": ["20221018_133908_jpg.rf.a4e89818a4e807cb21ca6d219ca20551.jpg", "20221018_140217_jpg.rf.094db2b1bdfc58a9f34e46964692a1d3.jpg", "20221018_140118_jpg.rf.989c0b1f941c119da3e461ca1aebddb2.jpg", "20221018_140112_jpg.rf.b4e0ebf1aa837bc9f97879c319a7d794.jpg", "20221018_140020_jpg.rf.c07d6f177dac0eab59acf1a0bb46638d.jpg", "20221018_135945_jpg.rf.716b51f240399d3d574e4f2584064c8d.jpg", "20221018_135802_jpg.rf.e26eacd08ea0ab900cadd6bd60d1746c.jpg", "20221018_135752_jpg.rf.b4c5a21d8e47ef85210a4e60d9aa4fdb.jpg", "20221018_135737_jpg.rf.26d1e0aebf840ee640bc2d42296b034f.jpg", "20221018_135619_jpg.rf.64b8e8094c3782f45bd86ed2af446ebc.jpg", "20221018_135559_jpg.rf.a367e8effa8df355e37e487fa62f83e0.jpg", "20221018_135507_jpg.rf.9d031c4fb76eafee4ced3e20d7d93bda.jpg", "20221018_135453_jpg.rf.1cef602604c0d79a858e1331d2d075d3.jpg", "20221018_135449_jpg.rf.220e17a1380c8480bb8ce59bb6c904c3.jpg", "20221018_135158_jpg.rf.dfb95646757f7fef204ff71c70e261b8.jpg", "20221018_134811_jpg.rf.e8249d4bd07a7fd6b8d8ead61b5b1d03.jpg"], "all_boxes": [{"predictions": {"_type": "boxes2D", "sha256": "86a33ffe0e1e38adfbbe28685dca9616925e730d419bb99f4070134c3bdac4a3", "size": 297, "path": "media/metadata/boxes2D/BoundingBoxDebugger_99_86a33ffe0e1e38adfbbe.boxes2D.json"}}, {"predictions": {"_type": "boxes2D", "sha256": "86679e4bdc38f5d58cc892f0f16f923207e7025f4f515f5534cd371ac0fb0184", "size": 1030, "path": "media/metadata/boxes2D/BoundingBoxDebugger_99_86679e4bdc38f5d58cc8.boxes2D.json"}}, {"predictions": {"_type": "boxes2D", "sha256": "f3177971a0592e7be685e649705f9419246f4ad3be0769f3be1827e8a68af802", "size": 1289, "path": "media/metadata/boxes2D/BoundingBoxDebugger_99_f3177971a0592e7be685.boxes2D.json"}}, {"predictions": {"_type": "boxes2D", "sha256": "a58c9435f763dd9ada0815a1dba44ad6f1c2919d001e1c3cef5600ea10226184", "size": 792, "path": "media/metadata/boxes2D/BoundingBoxDebugger_99_a58c9435f763dd9ada08.boxes2D.json"}}, {"predictions": {"_type": "boxes2D", "sha256": "eee07a23a867fd97af1614ff136fd9a42aa3fddf6754f4ab9358f69a2cd88dfd", "size": 1024, "path": "media/metadata/boxes2D/BoundingBoxDebugger_99_eee07a23a867fd97af16.boxes2D.json"}}, {"predictions": {"_type": "boxes2D", "sha256": "efa2e9ab58f1299c883aa4462f37173f3cc88c42cc3bdb3ba33a4ca454e9dc4d", "size": 786, "path": "media/metadata/boxes2D/BoundingBoxDebugger_99_efa2e9ab58f1299c883a.boxes2D.json"}}, {"predictions": {"_type": "boxes2D", "sha256": "cf0d93bab2ed7fce4994a219847e8b6644941d746e0512fccba523de4d48a530", "size": 3475, "path": "media/metadata/boxes2D/BoundingBoxDebugger_99_cf0d93bab2ed7fce4994.boxes2D.json"}}, {"predictions": {"_type": "boxes2D", "sha256": "6f7119af20254f357ecf5cd43d3c526201d3eb3a90d5f33859b4e060f390a261", "size": 1519, "path": "media/metadata/boxes2D/BoundingBoxDebugger_99_6f7119af20254f357ecf.boxes2D.json"}}, {"predictions": {"_type": "boxes2D", "sha256": "5828c8ceb5daac4d5ec4ee26f50de45de1f82e674c9c439e1e69a098f78b8cb1", "size": 1028, "path": "media/metadata/boxes2D/BoundingBoxDebugger_99_5828c8ceb5daac4d5ec4.boxes2D.json"}}, {"predictions": {"_type": "boxes2D", "sha256": "fe897db19dd4906b253987086218b3653d461662613271f9e2f87d5f3867f08e", "size": 2739, "path": "media/metadata/boxes2D/BoundingBoxDebugger_99_fe897db19dd4906b2539.boxes2D.json"}}, {"predictions": {"_type": "boxes2D", "sha256": "d60fade6e433a47d9eb7ab64e520e4896fd03260916dbcd0c2690686df0b7538", "size": 3969, "path": "media/metadata/boxes2D/BoundingBoxDebugger_99_d60fade6e433a47d9eb7.boxes2D.json"}}, {"predictions": {"_type": "boxes2D", "sha256": "a6b3615a2f4e5a52a89eae54b436d422a873711e7f3c748b1e436f66a0423106", "size": 2254, "path": "media/metadata/boxes2D/BoundingBoxDebugger_99_a6b3615a2f4e5a52a89e.boxes2D.json"}}, {"predictions": {"_type": "boxes2D", "sha256": "cec284ae8d7617f954ed56ce436e64e44e22a771bc91ad379553cc86ccc2088e", "size": 3712, "path": "media/metadata/boxes2D/BoundingBoxDebugger_99_cec284ae8d7617f954ed.boxes2D.json"}}, {"predictions": {"_type": "boxes2D", "sha256": "dcff982013017cc8785d3032034678c1e69a975caac7224ffe71b69f45408ebe", "size": 3975, "path": "media/metadata/boxes2D/BoundingBoxDebugger_99_dcff982013017cc8785d.boxes2D.json"}}, {"predictions": {"_type": "boxes2D", "sha256": "7330ef563492806f53cd26c6049e12a6722e4c86a1ddfeedb22dbce833942ff1", "size": 782, "path": "media/metadata/boxes2D/BoundingBoxDebugger_99_7330ef563492806f53cd.boxes2D.json"}}, {"predictions": {"_type": "boxes2D", "sha256": "8d522d50378248053010e2e3527c6c6d11a4756192af31d771e9c2db74758832", "size": 1761, "path": "media/metadata/boxes2D/BoundingBoxDebugger_99_8d522d50378248053010.boxes2D.json"}}]}}